time,linear_x,linear_y,linear_z,angular_x,angular_y,angular_z
2025/01/25 09:09:08.551023071,0.19983575903512185,0.0,0.0,0.0,0.0,-0.0016729077240660536
2025/01/25 09:09:08.651104075,0.19983575903512185,0.0,0.0,0.0,0.0,-0.0016600434840887473
2025/01/25 09:09:08.751031971,0.19983575903512185,0.0,0.0,0.0,0.0,-0.0016475327764172872
2025/01/25 09:09:08.851036258,0.19983575903512185,0.0,0.0,0.0,0.0,-0.0016353751973250447
2025/01/25 09:09:08.951046196,0.19983575903512185,0.0,0.0,0.0,0.0,-0.0016235753617881822
2025/01/25 09:09:09.51097648,0.19983575903512185,0.0,0.0,0.0,0.0,-0.0016121236773896806
2025/01/25 09:09:09.151150484,0.19983575903512185,0.0,0.0,0.0,0.0,-0.001601027835804778
2025/01/25 09:09:09.251009540,0.19983575903512185,0.0,0.0,0.0,0.0,-0.0015902973183285231
2025/01/25 09:09:09.351282261,0.19983575903512185,0.0,0.0,0.0,0.0,-0.0015799095134535327
2025/01/25 09:09:09.451062484,0.19983575903512185,0.0,0.0,0.0,0.0,-0.0015698988786721304
2025/01/25 09:09:09.551093758,0.19983575903512185,0.0,0.0,0.0,0.0,-0.0015602417742400004
2025/01/25 09:09:09.651019905,0.19983575903512185,0.0,0.0,0.0,0.0,-0.0015509470417543237
2025/01/25 09:09:09.751195165,0.19983575903512185,0.0,0.0,0.0,0.0,-0.0015420196721201583
2025/01/25 09:09:09.851175235,0.19983575903512185,0.0,0.0,0.0,0.0,-0.0015334651293625282
2025/01/25 09:09:09.951184528,0.19983575903512185,0.0,0.0,0.0,0.0,-0.001525279650949856
2025/01/25 09:09:10.51226425,0.19983575903512185,0.0,0.0,0.0,0.0,-0.0015174671407945284
2025/01/25 09:09:10.151094858,0.19983575903512185,0.0,0.0,0.0,0.0,-0.0015100434512044245
2025/01/25 09:09:10.251109422,0.19983575903512185,0.0,0.0,0.0,0.0,-0.0015030067550092841
2025/01/25 09:09:10.351073708,0.19983575903512185,0.0,0.0,0.0,0.0,-0.0014963635034842917
2025/01/25 09:09:10.451076885,0.19983575903512185,0.0,0.0,0.0,0.0,-0.0014901184557964344
2025/01/25 09:09:10.551099595,0.19983575903512185,0.0,0.0,0.0,0.0,-0.0014842804054858599
2025/01/25 09:09:10.651095093,0.19983575903512185,0.0,0.0,0.0,0.0,-0.0014788555690180144
2025/01/25 09:09:10.751103698,0.19983575903512185,0.0,0.0,0.0,0.0,-0.0014738541008103307
2025/01/25 09:09:10.851068857,0.19983575903512185,0.0,0.0,0.0,0.0,-0.0014692841921401275
2025/01/25 09:09:10.951174658,0.19983575903512185,0.0,0.0,0.0,0.0,-0.0014651578228584282
2025/01/25 09:09:11.51098856,0.19983575903512185,0.0,0.0,0.0,0.0,-0.001461484292874293
2025/01/25 09:09:11.151149895,0.19983575903512185,0.0,0.0,0.0,0.0,-0.0014582768798568123
2025/01/25 09:09:11.251084240,0.19983575903512185,0.0,0.0,0.0,0.0,-0.0014555478971929382
2025/01/25 09:09:11.351126727,0.19983575903512185,0.0,0.0,0.0,0.0,-0.0014533146234562513
2025/01/25 09:09:11.451135725,0.19983575903512185,0.0,0.0,0.0,0.0,-0.0014515902590502812
2025/01/25 09:09:11.551105327,0.19983575903512185,0.0,0.0,0.0,0.0,-0.0014503936727223677
2025/01/25 09:09:11.651136344,0.19983575903512185,0.0,0.0,0.0,0.0,-0.0014497436893582524
2025/01/25 09:09:11.751003074,0.19983575903512185,0.0,0.0,0.0,0.0,0.005557226112971069
2025/01/25 09:09:11.851248060,0.19983575903512185,0.0,0.0,0.0,0.0,0.005509398025308069
2025/01/25 09:09:11.951167364,0.19983575903512185,0.0,0.0,0.0,0.0,0.005462725351478501
2025/01/25 09:09:12.51137112,0.19983575903512185,0.0,0.0,0.0,0.0,0.005417167939473423
2025/01/25 09:09:12.151240074,0.19983575903512185,0.0,0.0,0.0,0.0,0.005372740404082335
2025/01/25 09:09:12.251099506,0.19983575903512185,0.0,0.0,0.0,0.0,0.005329442689776387
2025/01/25 09:09:12.351166475,0.19983575903512185,0.0,0.0,0.0,0.0,0.005287270559647869
2025/01/25 09:09:12.451252672,0.19983575903512185,0.0,0.0,0.0,0.0,0.005246214498528524
2025/01/25 09:09:12.551371865,0.19983575903512185,0.0,0.0,0.0,0.0,0.0052062727016074185
2025/01/25 09:09:12.651492167,0.19983575903512185,0.0,0.0,0.0,0.0,0.00516744934515782
2025/01/25 09:09:12.751498521,0.19983575903512185,0.0,0.0,0.0,0.0,0.005129719348802111
2025/01/25 09:09:12.851570997,0.19983575903512185,0.0,0.0,0.0,0.0,0.005093135105087771
2025/01/25 09:09:12.951449692,0.19983575903512185,0.0,0.0,0.0,0.0,0.005057674083407149
2025/01/25 09:09:13.51407487,0.19983575903512185,0.0,0.0,0.0,0.0,0.005023327055709597
2025/01/25 09:09:13.151489717,0.19983575903512185,0.0,0.0,0.0,0.0,0.00499011728471877
2025/01/25 09:09:13.251694416,0.19983575903512185,0.0,0.0,0.0,0.0,0.004958034356533751
2025/01/25 09:09:13.351403687,0.19983575903512185,0.0,0.0,0.0,0.0,0.004927057963507561
2025/01/25 09:09:13.451486417,0.19983575903512185,0.0,0.0,0.0,0.0,0.004897267873219207
2025/01/25 09:09:13.551708099,0.19983575903512185,0.0,0.0,0.0,0.0,0.004868613395114262
2025/01/25 09:09:13.651473768,0.19983575903512185,0.0,0.0,0.0,0.0,0.004841104770432622
2025/01/25 09:09:13.751509824,0.19983575903512185,0.0,0.0,0.0,0.0,0.004814779737253545
2025/01/25 09:09:13.851383613,0.19983575903512185,0.0,0.0,0.0,0.0,0.00478962913421427
2025/01/25 09:09:13.951310208,0.19983575903512185,0.0,0.0,0.0,0.0,0.0047656819254713175
2025/01/25 09:09:14.51428509,0.19983575903512185,0.0,0.0,0.0,0.0,0.004742945551285647
2025/01/25 09:09:14.151400121,0.19983575903512185,0.0,0.0,0.0,0.0,0.0047214461421458504
2025/01/25 09:09:14.251431418,0.19983575903512185,0.0,0.0,0.0,0.0,0.004701198354653314
2025/01/25 09:09:14.351515329,0.19983575903512185,0.0,0.0,0.0,0.0,0.0046822137731700395
2025/01/25 09:09:14.451266436,0.19983575903512185,0.0,0.0,0.0,0.0,0.0046645193281570595
2025/01/25 09:09:14.551377260,0.19983575903512185,0.0,0.0,0.0,0.0,0.004648152286801692
2025/01/25 09:09:14.651506575,0.19983575903512185,0.0,0.0,0.0,0.0,0.004633128532545996
2025/01/25 09:09:14.751481731,0.19983575903512185,0.0,0.0,0.0,0.0,0.004619482008678015
2025/01/25 09:09:14.851503349,0.19983575903512185,0.0,0.0,0.0,0.0,0.004607258966727801
2025/01/25 09:09:14.951580232,0.19983575903512185,0.0,0.0,0.0,0.0,0.0045964762031240804
2025/01/25 09:09:15.51493192,0.19983575903512185,0.0,0.0,0.0,0.0,0.004587186368376559
2025/01/25 09:09:15.151526621,0.19983575903512185,0.0,0.0,0.0,0.0,0.0045794312630476315
2025/01/25 09:09:15.251291484,0.19983575903512185,0.0,0.0,0.0,0.0,0.004573258669709872
2025/01/25 09:09:15.351497678,0.19983575903512185,0.0,0.0,0.0,0.0,0.0045687213316840105
2025/01/25 09:09:15.451446024,0.19983575903512185,0.0,0.0,0.0,0.0,0.004565880515333781
2025/01/25 09:09:15.551499776,0.19983575903512185,0.0,0.0,0.0,0.0,0.004564795502737411
2025/01/25 09:09:15.651500393,0.19983575903512185,0.0,0.0,0.0,0.0,0.008490144469774646
2025/01/25 09:09:15.751457713,0.19983575903512185,0.0,0.0,0.0,0.0,0.008421346893109949
2025/01/25 09:09:15.851481963,0.19983575903512185,0.0,0.0,0.0,0.0,0.00835433090423227
2025/01/25 09:09:15.951332418,0.19983575903512185,0.0,0.0,0.0,0.0,0.008289072455820508
2025/01/25 09:09:16.51540258,0.19983575903512185,0.0,0.0,0.0,0.0,0.008225608393201826
2025/01/25 09:09:16.151553469,0.19983575903512185,0.0,0.0,0.0,0.0,0.0081639048421243
2025/01/25 09:09:16.251489476,0.19983575903512185,0.0,0.0,0.0,0.0,0.008103973037514539
2025/01/25 09:09:16.351422609,0.19983575903512185,0.0,0.0,0.0,0.0,0.008045774080141043
2025/01/25 09:09:16.451549794,0.19983575903512185,0.0,0.0,0.0,0.0,0.007989405196173813
2025/01/25 09:09:16.551473769,0.19983575903512185,0.0,0.0,0.0,0.0,0.007934740941930427
2025/01/25 09:09:16.651519587,0.19983575903512185,0.0,0.0,0.0,0.0,0.007881884549009498
2025/01/25 09:09:16.751585644,0.19983575903512185,0.0,0.0,0.0,0.0,0.007830810264965548
2025/01/25 09:09:16.851327935,0.19983575903512185,0.0,0.0,0.0,0.0,0.007781524919153741
2025/01/25 09:09:16.951387680,0.19983575903512185,0.0,0.0,0.0,0.0,0.007734037766303997
2025/01/25 09:09:17.51443093,0.19983575903512185,0.0,0.0,0.0,0.0,0.00768840306620221
2025/01/25 09:09:17.151516359,0.19983575903512185,0.0,0.0,0.0,0.0,0.0076445568227758885
2025/01/25 09:09:17.251657061,0.19983575903512185,0.0,0.0,0.0,0.0,0.007602581198939158
2025/01/25 09:09:17.351427044,0.19983575903512185,0.0,0.0,0.0,0.0,0.007562433183520309
2025/01/25 09:09:17.451527458,0.19983575903512185,0.0,0.0,0.0,0.0,0.007524191014026647
2025/01/25 09:09:17.551382910,0.19983575903512185,0.0,0.0,0.0,0.0,0.00748787550145843
2025/01/25 09:09:17.651305233,0.19983575903512185,0.0,0.0,0.0,0.0,0.007453474256496911
2025/01/25 09:09:17.751514165,0.19983575903512185,0.0,0.0,0.0,0.0,0.007421047949222463
2025/01/25 09:09:17.851566890,0.19983575903512185,0.0,0.0,0.0,0.0,0.007390619463498228
2025/01/25 09:09:17.951562381,0.19983575903512185,0.0,0.0,0.0,0.0,0.007362223690491762
2025/01/25 09:09:18.51611152,0.19983575903512185,0.0,0.0,0.0,0.0,0.007335904256708024
2025/01/25 09:09:18.151603687,0.19983575903512185,0.0,0.0,0.0,0.0,0.007311687279558498
2025/01/25 09:09:18.252295457,0.19983575903512185,0.0,0.0,0.0,0.0,0.007289648964950199
2025/01/25 09:09:18.351569006,0.19983575903512185,0.0,0.0,0.0,0.0,0.007269824751661641
2025/01/25 09:09:18.451620288,0.19983575903512185,0.0,0.0,0.0,0.0,0.007252274560220021
2025/01/25 09:09:18.551442116,0.19983575903512185,0.0,0.0,0.0,0.0,0.007237068128449469
2025/01/25 09:09:18.651486778,0.19983575903512185,0.0,0.0,0.0,0.0,0.0072242623429811656
2025/01/25 09:09:18.751491574,0.19983575903512185,0.0,0.0,0.0,0.0,0.00721393315109194
2025/01/25 09:09:18.851497052,0.19983575903512185,0.0,0.0,0.0,0.0,0.007206173491009236
2025/01/25 09:09:18.951653238,0.19983575903512185,0.0,0.0,0.0,0.0,0.007201062391979697
2025/01/25 09:09:19.51497909,0.19983575903512185,0.0,0.0,0.0,0.0,0.007198699958697337
2025/01/25 09:09:19.151554383,0.19983575903512185,0.0,0.0,0.0,0.0,0.0027383625595784732
2025/01/25 09:09:19.251474500,0.19983575903512185,0.0,0.0,0.0,0.0,0.002715375313663843
2025/01/25 09:09:19.351543672,0.19983575903512185,0.0,0.0,0.0,0.0,0.002692951374875796
2025/01/25 09:09:19.451487846,0.19983575903512185,0.0,0.0,0.0,0.0,0.0026711016906268478
2025/01/25 09:09:19.551519557,0.19983575903512185,0.0,0.0,0.0,0.0,0.002649813672171984
2025/01/25 09:09:19.651501231,0.19983575903512185,0.0,0.0,0.0,0.0,0.002629079395957031
2025/01/25 09:09:19.751562721,0.19983575903512185,0.0,0.0,0.0,0.0,0.002608897608762441
2025/01/25 09:09:19.851436077,0.19983575903512185,0.0,0.0,0.0,0.0,0.0025892717885002054
2025/01/25 09:09:19.951486965,0.19983575903512185,0.0,0.0,0.0,0.0,0.0025702108703033262
2025/01/25 09:09:20.51345956,0.19983575903512185,0.0,0.0,0.0,0.0,0.0025517029780468903
2025/01/25 09:09:20.151651120,0.19983575903512185,0.0,0.0,0.0,0.0,0.002533756119780599
2025/01/25 09:09:20.251566117,0.19983575903512185,0.0,0.0,0.0,0.0,0.002516366676098584
2025/01/25 09:09:20.351476191,0.19983575903512185,0.0,0.0,0.0,0.0,0.0024995385161439565
2025/01/25 09:09:20.451633968,0.19983575903512185,0.0,0.0,0.0,0.0,0.0024832759911509353
2025/01/25 09:09:20.552246071,0.19983575903512185,0.0,0.0,0.0,0.0,0.0024675777741318115
2025/01/25 09:09:20.651471532,0.19983575903512185,0.0,0.0,0.0,0.0,0.002452437238623313
2025/01/25 09:09:20.751506103,0.19983575903512185,0.0,0.0,0.0,0.0,0.0024378795624078286
2025/01/25 09:09:20.851327359,0.19983575903512185,0.0,0.0,0.0,0.0,0.0024239016321144827
2025/01/25 09:09:20.951509281,0.19983575903512185,0.0,0.0,0.0,0.0,0.002410501759414373
2025/01/25 09:09:21.51527378,0.19983575903512185,0.0,0.0,0.0,0.0,0.0023976918645349054
2025/01/25 09:09:21.151501113,0.19983575903512185,0.0,0.0,0.0,0.0,0.002385461495541541
2025/01/25 09:09:21.251701964,0.19983575903512185,0.0,0.0,0.0,0.0,0.0023738621732367553
2025/01/25 09:09:21.351588532,0.19983575903512185,0.0,0.0,0.0,0.0,0.0023628497692693823
2025/01/25 09:09:21.451580195,0.19983575903512185,0.0,0.0,0.0,0.0,0.002352468404849522
2025/01/25 09:09:21.551586132,0.19983575903512185,0.0,0.0,0.0,0.0,0.0023427157869291317
2025/01/25 09:09:21.651300870,0.19983575903512185,0.0,0.0,0.0,0.0,0.0023335972964622347
2025/01/25 09:09:21.751542664,0.19983575903512185,0.0,0.0,0.0,0.0,0.0023251380409379406
2025/01/25 09:09:21.851436752,0.19983575903512185,0.0,0.0,0.0,0.0,0.002317342050973717
2025/01/25 09:09:21.951449700,0.19983575903512185,0.0,0.0,0.0,0.0,0.0023102278321089657
2025/01/25 09:09:22.51543079,0.19983575903512185,0.0,0.0,0.0,0.0,0.002303813022690045
2025/01/25 09:09:22.151531048,0.19983575903512185,0.0,0.0,0.0,0.0,0.00229810712063044
2025/01/25 09:09:22.251439066,0.19983575903512185,0.0,0.0,0.0,0.0,0.0022931443663789714
2025/01/25 09:09:22.351475715,0.19983575903512185,0.0,0.0,0.0,0.0,0.0022889347379925476
2025/01/25 09:09:22.451424549,0.19983575903512185,0.0,0.0,0.0,0.0,0.002285503665293969
2025/01/25 09:09:22.551919492,0.19983575903512185,0.0,0.0,0.0,0.0,0.002282878905733701
2025/01/25 09:09:22.651604828,0.19983575903512185,0.0,0.0,0.0,0.0,0.0022810866470943975
2025/01/25 09:09:22.751475286,0.19983575903512185,0.0,0.0,0.0,0.0,0.002280158011089944
2025/01/25 09:09:22.851675344,0.19983575903512185,0.0,0.0,0.0,0.0,-0.015039458422633002
2025/01/25 09:09:22.951538642,0.19983575903512185,0.0,0.0,0.0,0.0,-0.014916355058812954
2025/01/25 09:09:23.51633706,0.19983575903512185,0.0,0.0,0.0,0.0,-0.014796406729481897
2025/01/25 09:09:23.151602014,0.19983575903512185,0.0,0.0,0.0,0.0,-0.014678805980080797
2025/01/25 09:09:23.251359294,0.19983575903512185,0.0,0.0,0.0,0.0,-0.014565966084091353
2025/01/25 09:09:23.351595392,0.19983575903512185,0.0,0.0,0.0,0.0,-0.014455530330878706
2025/01/25 09:09:23.451688465,0.19983575903512185,0.0,0.0,0.0,0.0,-0.014348277784950058
2025/01/25 09:09:23.551746906,0.19983575903512185,0.0,0.0,0.0,0.0,-0.014244085663916505
2025/01/25 09:09:23.651506662,0.19983575903512185,0.0,0.0,0.0,0.0,-0.014143048312190166
2025/01/25 09:09:23.751571246,0.19983575903512185,0.0,0.0,0.0,0.0,-0.014045140742628779
2025/01/25 09:09:23.851710667,0.19983575903512185,0.0,0.0,0.0,0.0,-0.013950418309410781
2025/01/25 09:09:23.951568517,0.19983575903512185,0.0,0.0,0.0,0.0,-0.013858779372253669
2025/01/25 09:09:24.51465694,0.19983575903512185,0.0,0.0,0.0,0.0,-0.013770450589629998
2025/01/25 09:09:24.151623171,0.19983575903512185,0.0,0.0,0.0,0.0,-0.013685250873733993
2025/01/25 09:09:24.251668744,0.19983575903512185,0.0,0.0,0.0,0.0,-0.013603268169106283
2025/01/25 09:09:24.351593373,0.19983575903512185,0.0,0.0,0.0,0.0,-0.013524546702602006
2025/01/25 09:09:24.451588975,0.19983575903512185,0.0,0.0,0.0,0.0,-0.013449085075423419
2025/01/25 09:09:24.551771331,0.19983575903512185,0.0,0.0,0.0,0.0,-0.013376869851696262
2025/01/25 09:09:24.651574408,0.19983575903512185,0.0,0.0,0.0,0.0,-0.01330803659670626
2025/01/25 09:09:24.751620465,0.19983575903512185,0.0,0.0,0.0,0.0,-0.013242592399074072
2025/01/25 09:09:24.851411226,0.19983575903512185,0.0,0.0,0.0,0.0,-0.013180533554373134
2025/01/25 09:09:24.951586932,0.19983575903512185,0.0,0.0,0.0,0.0,-0.013121960779624492
2025/01/25 09:09:25.51687735,0.19983575903512185,0.0,0.0,0.0,0.0,-0.013066906290199435
2025/01/25 09:09:25.151685076,0.19983575903512185,0.0,0.0,0.0,0.0,-0.013015453643593178
2025/01/25 09:09:25.251591285,0.19983575903512185,0.0,0.0,0.0,0.0,-0.01296764570406992
2025/01/25 09:09:25.351697534,0.19983575903512185,0.0,0.0,0.0,0.0,-0.012923505397977332
2025/01/25 09:09:25.451759765,0.19983575903512185,0.0,0.0,0.0,0.0,-0.012883268193523634
2025/01/25 09:09:25.551677682,0.19983575903512185,0.0,0.0,0.0,0.0,-0.012846889683361161
2025/01/25 09:09:25.651475674,0.19983575903512185,0.0,0.0,0.0,0.0,-0.012814493074428553
2025/01/25 09:09:25.751594278,0.19983575903512185,0.0,0.0,0.0,0.0,-0.012786207126122143
2025/01/25 09:09:25.851715299,0.19983575903512185,0.0,0.0,0.0,0.0,-0.012762155000146026
2025/01/25 09:09:25.951593011,0.19983575903512185,0.0,0.0,0.0,0.0,-0.012742445033690746
2025/01/25 09:09:26.51671570,0.19983575903512185,0.0,0.0,0.0,0.0,-0.012727219794709617
2025/01/25 09:09:26.151593586,0.19983575903512185,0.0,0.0,0.0,0.0,-0.012716636675695357
2025/01/25 09:09:26.251761626,0.19983575903512185,0.0,0.0,0.0,0.0,-0.012710869031326542
2025/01/25 09:09:26.351655315,0.19983575903512185,0.0,0.0,0.0,0.0,-0.014127073258095191
2025/01/25 09:09:26.451426988,0.19983575903512185,0.0,0.0,0.0,0.0,-0.01400368299304604
2025/01/25 09:09:26.551760356,0.19983575903512185,0.0,0.0,0.0,0.0,-0.013883198039368364
2025/01/25 09:09:26.651745064,0.19983575903512185,0.0,0.0,0.0,0.0,-0.01376558697810273
2025/01/25 09:09:26.751570923,0.19983575903512185,0.0,0.0,0.0,0.0,-0.013650923742398138
2025/01/25 09:09:26.851715819,0.19983575903512185,0.0,0.0,0.0,0.0,-0.013539097042450526
2025/01/25 09:09:26.951780628,0.19983575903512185,0.0,0.0,0.0,0.0,-0.013430088156059025
2025/01/25 09:09:27.51574418,0.19983575903512185,0.0,0.0,0.0,0.0,-0.013324004904690441
2025/01/25 09:09:27.151489059,0.19983575903512185,0.0,0.0,0.0,0.0,-0.013220639112383786
2025/01/25 09:09:27.251445158,0.19983575903512185,0.0,0.0,0.0,0.0,-0.013120338788913883
2025/01/25 09:09:27.351634253,0.19983575903512185,0.0,0.0,0.0,0.0,-0.013022769318996574
2025/01/25 09:09:27.451651460,0.19983575903512185,0.0,0.0,0.0,0.0,-0.012928043230455872
2025/01/25 09:09:27.551647958,0.19983575903512185,0.0,0.0,0.0,0.0,-0.012836179732660227
2025/01/25 09:09:27.651644175,0.19983575903512185,0.0,0.0,0.0,0.0,-0.012747199696879567
2025/01/25 09:09:27.751846042,0.19983575903512185,0.0,0.0,0.0,0.0,-0.012661018883119966
2025/01/25 09:09:27.851792304,0.19983575903512185,0.0,0.0,0.0,0.0,-0.012577723741998791
2025/01/25 09:09:27.951672460,0.19983575903512185,0.0,0.0,0.0,0.0,-0.012497277694352892
2025/01/25 09:09:28.51454559,0.19983575903512185,0.0,0.0,0.0,0.0,-0.012419732678905475
2025/01/25 09:09:28.151717163,0.19983575903512185,0.0,0.0,0.0,0.0,-0.01234512540463152
2025/01/25 09:09:28.251483970,0.19983575903512185,0.0,0.0,0.0,0.0,-0.012273425026186688
2025/01/25 09:09:28.351643834,0.19983575903512185,0.0,0.0,0.0,0.0,-0.012204711170899524
2025/01/25 09:09:28.451689151,0.19983575903512185,0.0,0.0,0.0,0.0,-0.012138961798463957
2025/01/25 09:09:28.551754363,0.19983575903512185,0.0,0.0,0.0,0.0,-0.01207620463709565
2025/01/25 09:09:28.651569631,0.19983575903512185,0.0,0.0,0.0,0.0,-0.01201652802238939
2025/01/25 09:09:28.751669027,0.19983575903512185,0.0,0.0,0.0,0.0,-0.011959935754002882
2025/01/25 09:09:28.851449378,0.19983575903512185,0.0,0.0,0.0,0.0,-0.011906452339502932
2025/01/25 09:09:28.951715479,0.19983575903512185,0.0,0.0,0.0,0.0,-0.011856188794132765
2025/01/25 09:09:29.51562671,0.19983575903512185,0.0,0.0,0.0,0.0,-0.011809156294261958
2025/01/25 09:09:29.151606238,0.19983575903512185,0.0,0.0,0.0,0.0,-0.011765419726512197
2025/01/25 09:09:29.251769654,0.19983575903512185,0.0,0.0,0.0,0.0,-0.011725070450734495
2025/01/25 09:09:29.351603760,0.19983575903512185,0.0,0.0,0.0,0.0,-0.011688159092405287
2025/01/25 09:09:29.451760730,0.19983575903512185,0.0,0.0,0.0,0.0,-0.01165475089248181
2025/01/25 09:09:29.551652392,0.19983575903512185,0.0,0.0,0.0,0.0,-0.011624963231966889
2025/01/25 09:09:29.651895909,0.19983575903512185,0.0,0.0,0.0,0.0,-0.01159887180157879
2025/01/25 09:09:29.751582364,0.19983575903512185,0.0,0.0,0.0,0.0,-0.011576607106295298
2025/01/25 09:09:29.851549177,0.19983575903512185,0.0,0.0,0.0,0.0,-0.01155825925805654
2025/01/25 09:09:29.951564419,0.19983575903512185,0.0,0.0,0.0,0.0,-0.01154396237465054
2025/01/25 09:09:30.51733226,0.19983575903512185,0.0,0.0,0.0,0.0,-0.01153386161794682
2025/01/25 09:09:30.151619731,0.19983575903512185,0.0,0.0,0.0,0.0,-0.011528097274154468
2025/01/25 09:09:30.251786875,0.19983575903512185,0.0,0.0,0.0,0.0,0.0030238433398499073
2025/01/25 09:09:30.351643645,0.19983575903512185,0.0,0.0,0.0,0.0,0.0029972891075623013
2025/01/25 09:09:30.451616142,0.19983575903512185,0.0,0.0,0.0,0.0,0.0029713343116318357
2025/01/25 09:09:30.551549745,0.19983575903512185,0.0,0.0,0.0,0.0,0.0029460215657825728
2025/01/25 09:09:30.651655980,0.19983575903512185,0.0,0.0,0.0,0.0,0.002921316121979837
2025/01/25 09:09:30.751668903,0.19983575903512185,0.0,0.0,0.0,0.0,0.0028972045316359766
2025/01/25 09:09:30.851608398,0.19983575903512185,0.0,0.0,0.0,0.0,0.0028737093287941697
2025/01/25 09:09:30.951734807,0.19983575903512185,0.0,0.0,0.0,0.0,0.0028508065324137108
2025/01/25 09:09:31.51897121,0.19983575903512185,0.0,0.0,0.0,0.0,0.0028284935199665473
2025/01/25 09:09:31.151584020,0.19983575903512185,0.0,0.0,0.0,0.0,0.0028068051441337708
2025/01/25 09:09:31.251723682,0.19983575903512185,0.0,0.0,0.0,0.0,0.002785708705520963
2025/01/25 09:09:31.351680062,0.19983575903512185,0.0,0.0,0.0,0.0,0.002765207809161928
2025/01/25 09:09:31.451583002,0.19983575903512185,0.0,0.0,0.0,0.0,0.002745301860478972
2025/01/25 09:09:31.551797756,0.19983575903512185,0.0,0.0,0.0,0.0,0.0027260102693218605
2025/01/25 09:09:31.651648999,0.19983575903512185,0.0,0.0,0.0,0.0,0.0027073205234952272
2025/01/25 09:09:31.751618365,0.19983575903512185,0.0,0.0,0.0,0.0,0.0026892260005716173
2025/01/25 09:09:31.851739756,0.19983575903512185,0.0,0.0,0.0,0.0,0.0026717382283471375
2025/01/25 09:09:31.951640255,0.19983575903512185,0.0,0.0,0.0,0.0,0.002654855963380807
2025/01/25 09:09:32.51471374,0.19983575903512185,0.0,0.0,0.0,0.0,0.0026385928892766544
2025/01/25 09:09:32.151785714,0.19983575903512185,0.0,0.0,0.0,0.0,0.0026229304750518406
2025/01/25 09:09:32.251548480,0.19983575903512185,0.0,0.0,0.0,0.0,0.0026079110479122086
2025/01/25 09:09:32.351609460,0.19983575903512185,0.0,0.0,0.0,0.0,0.0025935079373852906
2025/01/25 09:09:32.451617055,0.19983575903512185,0.0,0.0,0.0,0.0,0.002579741582293525
2025/01/25 09:09:32.551735433,0.19983575903512185,0.0,0.0,0.0,0.0,0.0025666129209498257
2025/01/25 09:09:32.651634444,0.19983575903512185,0.0,0.0,0.0,0.0,0.0025541267848493204
2025/01/25 09:09:32.751927447,0.19983575903512185,0.0,0.0,0.0,0.0,0.00254230396012147
2025/01/25 09:09:32.851637600,0.19983575903512185,0.0,0.0,0.0,0.0,0.0025311465166737717
2025/01/25 09:09:32.951672264,0.19983575903512185,0.0,0.0,0.0,0.0,0.002520664399599848
2025/01/25 09:09:33.51573062,0.19983575903512185,0.0,0.0,0.0,0.0,0.0025108765227595193
2025/01/25 09:09:33.151616193,0.19983575903512185,0.0,0.0,0.0,0.0,0.002501787598569553
2025/01/25 09:09:33.251667300,0.19983575903512185,0.0,0.0,0.0,0.0,0.0024934196394892447
2025/01/25 09:09:33.351746426,0.19983575903512185,0.0,0.0,0.0,0.0,0.002485782096745884
2025/01/25 09:09:33.451640653,0.19983575903512185,0.0,0.0,0.0,0.0,0.0024788967423670745
2025/01/25 09:09:33.551667085,0.19983575903512185,0.0,0.0,0.0,0.0,0.002472781295182612
2025/01/25 09:09:33.651923008,0.19983575903512185,0.0,0.0,0.0,0.0,0.0024674589853714997
2025/01/25 09:09:33.751663422,0.19983575903512185,0.0,0.0,0.0,0.0,0.0024629508821480367
2025/01/25 09:09:33.851673891,0.19983575903512185,0.0,0.0,0.0,0.0,0.0024592834800232235
2025/01/25 09:09:33.951657689,0.19983575903512185,0.0,0.0,0.0,0.0,0.002456480616389659
2025/01/25 09:09:34.51700874,0.19983575903512185,0.0,0.0,0.0,0.0,0.0024545767168984794
2025/01/25 09:09:34.151740547,0.19983575903512185,0.0,0.0,0.0,0.0,0.002453601460376257
2025/01/25 09:09:34.251799007,0.19983575903512185,0.0,0.0,0.0,0.0,0.009647873915818662
2025/01/25 09:09:34.351631369,0.19983575903512185,0.0,0.0,0.0,0.0,0.00956801382640255
2025/01/25 09:09:34.451658277,0.19983575903512185,0.0,0.0,0.0,0.0,0.009490104855564598
2025/01/25 09:09:34.551612837,0.19983575903512185,0.0,0.0,0.0,0.0,0.009414198405084142
2025/01/25 09:09:34.651586064,0.19983575903512185,0.0,0.0,0.0,0.0,0.009340314148021717
2025/01/25 09:09:34.751661946,0.19983575903512185,0.0,0.0,0.0,0.0,0.009268428967777322
2025/01/25 09:09:34.851806580,0.19983575903512185,0.0,0.0,0.0,0.0,0.009198502524052113
2025/01/25 09:09:34.951660327,0.19983575903512185,0.0,0.0,0.0,0.0,0.009130566281571401
2025/01/25 09:09:35.51747280,0.19983575903512185,0.0,0.0,0.0,0.0,0.009064618618551882
2025/01/25 09:09:35.151632926,0.19983575903512185,0.0,0.0,0.0,0.0,0.009000660610911699
2025/01/25 09:09:35.251711925,0.19983575903512185,0.0,0.0,0.0,0.0,0.008938695765884552
2025/01/25 09:09:35.351597216,0.19983575903512185,0.0,0.0,0.0,0.0,0.008878733755548356
2025/01/25 09:09:35.451652515,0.19983575903512185,0.0,0.0,0.0,0.0,0.008820743610400321
2025/01/25 09:09:35.551691158,0.19983575903512185,0.0,0.0,0.0,0.0,0.008764839607007607
2025/01/25 09:09:35.651663348,0.19983575903512185,0.0,0.0,0.0,0.0,0.008710931251060748
2025/01/25 09:09:35.751593709,0.19983575903512185,0.0,0.0,0.0,0.0,0.008659039327126321
2025/01/25 09:09:35.851620348,0.19983575903512185,0.0,0.0,0.0,0.0,0.008609216218719493
2025/01/25 09:09:35.951532642,0.19983575903512185,0.0,0.0,0.0,0.0,0.008561462245065713
2025/01/25 09:09:36.51806879,0.19983575903512185,0.0,0.0,0.0,0.0,0.008515812302624683
2025/01/25 09:09:36.151771946,0.19983575903512185,0.0,0.0,0.0,0.0,0.008472259292376891
2025/01/25 09:09:36.251612954,0.19983575903512185,0.0,0.0,0.0,0.0,0.00843084885587812
2025/01/25 09:09:36.351514153,0.19983575903512185,0.0,0.0,0.0,0.0,0.00839162309921266
2025/01/25 09:09:36.451652022,0.19983575903512185,0.0,0.0,0.0,0.0,0.008354594638923872
2025/01/25 09:09:36.551818285,0.19983575903512185,0.0,0.0,0.0,0.0,0.00831980548230572
2025/01/25 09:09:36.651765829,0.19983575903512185,0.0,0.0,0.0,0.0,0.00828729950996226
2025/01/25 09:09:36.751713645,0.19983575903512185,0.0,0.0,0.0,0.0,0.008257089691481527
2025/01/25 09:09:36.851618022,0.19983575903512185,0.0,0.0,0.0,0.0,0.008229276409191537
2025/01/25 09:09:36.951582553,0.19983575903512185,0.0,0.0,0.0,0.0,0.008203888903169969
2025/01/25 09:09:37.51670232,0.19983575903512185,0.0,0.0,0.0,0.0,0.008180974235235004
2025/01/25 09:09:37.151640751,0.19983575903512185,0.0,0.0,0.0,0.0,0.008160600948177171
2025/01/25 09:09:37.251641456,0.19983575903512185,0.0,0.0,0.0,0.0,0.008142837645961578
2025/01/25 09:09:37.351885757,0.19983575903512185,0.0,0.0,0.0,0.0,0.008127759999818688
2025/01/25 09:09:37.451636559,0.19983575903512185,0.0,0.0,0.0,0.0,0.008115453866695778
2025/01/25 09:09:37.551660542,0.19983575903512185,0.0,0.0,0.0,0.0,0.008106001815538003
2025/01/25 09:09:37.651950620,0.19983575903512185,0.0,0.0,0.0,0.0,0.008099506799026551
2025/01/25 09:09:37.751869245,0.19983575903512185,0.0,0.0,0.0,0.0,0.008096088840759833
2025/01/25 09:09:37.852370983,0.19983575903512185,0.0,0.0,0.0,0.0,0.0032521520424978346
2025/01/25 09:09:37.951822643,0.19983575903512185,0.0,0.0,0.0,0.0,0.00322662451439331
2025/01/25 09:09:38.51898126,0.19983575903512185,0.0,0.0,0.0,0.0,0.0032017925567932107
2025/01/25 09:09:38.151655343,0.19983575903512185,0.0,0.0,0.0,0.0,0.0031776398438561095
2025/01/25 09:09:38.251659308,0.19983575903512185,0.0,0.0,0.0,0.0,0.0031541692184306703
2025/01/25 09:09:38.351870731,0.19983575903512185,0.0,0.0,0.0,0.0,0.0031313745958428643
2025/01/25 09:09:38.451943278,0.19983575903512185,0.0,0.0,0.0,0.0,0.0031092755303744612
2025/01/25 09:09:38.551844651,0.19983575903512185,0.0,0.0,0.0,0.0,0.0030878593382827973
2025/01/25 09:09:38.651771732,0.19983575903512185,0.0,0.0,0.0,0.0,0.003067117195055662
2025/01/25 09:09:38.751628425,0.19983575903512185,0.0,0.0,0.0,0.0,0.0030470834974658583
2025/01/25 09:09:38.851676824,0.19983575903512185,0.0,0.0,0.0,0.0,0.0030277349516577073
2025/01/25 09:09:38.951876485,0.19983575903512185,0.0,0.0,0.0,0.0,0.0030090800558880723
2025/01/25 09:09:39.51805145,0.19983575903512185,0.0,0.0,0.0,0.0,0.0029911297438087042
2025/01/25 09:09:39.151808514,0.19983575903512185,0.0,0.0,0.0,0.0,0.0029738891926358218
2025/01/25 09:09:39.251951870,0.19983575903512185,0.0,0.0,0.0,0.0,0.002957357279838068
2025/01/25 09:09:39.351765496,0.19983575903512185,0.0,0.0,0.0,0.0,0.0029415491534468628
2025/01/25 09:09:39.451921250,0.19983575903512185,0.0,0.0,0.0,0.0,0.0029264580692555144
2025/01/25 09:09:39.551909606,0.19983575903512185,0.0,0.0,0.0,0.0,0.0029121196062953975
2025/01/25 09:09:39.651763152,0.19983575903512185,0.0,0.0,0.0,0.0,0.0028985156993534575
2025/01/25 09:09:39.751735032,0.19983575903512185,0.0,0.0,0.0,0.0,0.002885674358797195
2025/01/25 09:09:39.851779851,0.19983575903512185,0.0,0.0,0.0,0.0,0.0028735946936169036
2025/01/25 09:09:39.951815476,0.19983575903512185,0.0,0.0,0.0,0.0,0.002862307325878609
2025/01/25 09:09:40.51914613,0.19983575903512185,0.0,0.0,0.0,0.0,0.002851818737836407
2025/01/25 09:09:40.151808647,0.19983575903512185,0.0,0.0,0.0,0.0,0.0028421367127536867
2025/01/25 09:09:40.251906833,0.19983575903512185,0.0,0.0,0.0,0.0,0.0028332947538582754
2025/01/25 09:09:40.351801202,0.19983575903512185,0.0,0.0,0.0,0.0,0.002825306094879423
2025/01/25 09:09:40.451864169,0.19983575903512185,0.0,0.0,0.0,0.0,0.002818187332785679
2025/01/25 09:09:40.551837707,0.19983575903512185,0.0,0.0,0.0,0.0,0.002811963342107579
2025/01/25 09:09:40.651931353,0.19983575903512185,0.0,0.0,0.0,0.0,0.00280666740072463
2025/01/25 09:09:40.751929197,0.19983575903512185,0.0,0.0,0.0,0.0,0.002802321262224121
2025/01/25 09:09:40.851917965,0.19983575903512185,0.0,0.0,0.0,0.0,0.0027989592075716202
2025/01/25 09:09:40.951747720,0.19983575903512185,0.0,0.0,0.0,0.0,0.0027966110134728293
2025/01/25 09:09:41.51876388,0.19983575903512185,0.0,0.0,0.0,0.0,0.0027953153583394805
2025/01/25 09:09:41.151934152,0.19983575903512185,0.0,0.0,0.0,0.0,-0.002244516502626736
2025/01/25 09:09:41.251818461,0.19983575903512185,0.0,0.0,0.0,0.0,-0.0022271739177168507
2025/01/25 09:09:41.351670599,0.19983575903512185,0.0,0.0,0.0,0.0,-0.002210328585708052
2025/01/25 09:09:41.452374292,0.19983575903512185,0.0,0.0,0.0,0.0,-0.0021939422170529446
2025/01/25 09:09:41.551804551,0.19983575903512185,0.0,0.0,0.0,0.0,-0.0021780403167499644
2025/01/25 09:09:41.652038332,0.19983575903512185,0.0,0.0,0.0,0.0,-0.0021626174092438445
2025/01/25 09:09:41.751844879,0.19983575903512185,0.0,0.0,0.0,0.0,-0.002147658870904545
2025/01/25 09:09:41.851874710,0.19983575903512185,0.0,0.0,0.0,0.0,-0.0021331832145953843
2025/01/25 09:09:41.951744156,0.19983575903512185,0.0,0.0,0.0,0.0,-0.002119188115985525
2025/01/25 09:09:42.51869436,0.19983575903512185,0.0,0.0,0.0,0.0,-0.002105670922839044
2025/01/25 09:09:42.151795741,0.19983575903512185,0.0,0.0,0.0,0.0,-0.0020926307791014564
2025/01/25 09:09:42.251937855,0.19983575903512185,0.0,0.0,0.0,0.0,-0.002080082863119785
2025/01/25 09:09:42.351919919,0.19983575903512185,0.0,0.0,0.0,0.0,-0.0020680204208766238
2025/01/25 09:09:42.451858371,0.19983575903512185,0.0,0.0,0.0,0.0,-0.002056464122434697
2025/01/25 09:09:42.551746108,0.19983575903512185,0.0,0.0,0.0,0.0,-0.0020454016405794828
2025/01/25 09:09:42.651938449,0.19983575903512185,0.0,0.0,0.0,0.0,-0.0020348429670240874
2025/01/25 09:09:42.751925905,0.19983575903512185,0.0,0.0,0.0,0.0,-0.002024796169226264
2025/01/25 09:09:42.851758111,0.19983575903512185,0.0,0.0,0.0,0.0,-0.0020152627701054988
2025/01/25 09:09:42.951732033,0.19983575903512185,0.0,0.0,0.0,0.0,-0.0020062564530948443
2025/01/25 09:09:43.51795020,0.19983575903512185,0.0,0.0,0.0,0.0,-0.001997784116276662
2025/01/25 09:09:43.151860882,0.19983575903512185,0.0,0.0,0.0,0.0,-0.0019898538769650806
2025/01/25 09:09:43.251826313,0.19983575903512185,0.0,0.0,0.0,0.0,-0.0019824757275253135
2025/01/25 09:09:43.351853217,0.19983575903512185,0.0,0.0,0.0,0.0,-0.001975664226308795
2025/01/25 09:09:43.451886085,0.19983575903512185,0.0,0.0,0.0,0.0,-0.001969427013983727
2025/01/25 09:09:43.552157654,0.19983575903512185,0.0,0.0,0.0,0.0,-0.001963780268181815
2025/01/25 09:09:43.651992798,0.19983575903512185,0.0,0.0,0.0,0.0,-0.0019587364808793905
2025/01/25 09:09:43.751816693,0.19983575903512185,0.0,0.0,0.0,0.0,-0.001954314519490024
2025/01/25 09:09:43.851818194,0.19983575903512185,0.0,0.0,0.0,0.0,-0.0019505310092065185
2025/01/25 09:09:43.951856989,0.19983575903512185,0.0,0.0,0.0,0.0,-0.001947406873058951
2025/01/25 09:09:44.51783707,0.19983575903512185,0.0,0.0,0.0,0.0,-0.001944960136245288
2025/01/25 09:09:44.152020565,0.19983575903512185,0.0,0.0,0.0,0.0,-0.0019432151996221197
2025/01/25 09:09:44.251769808,0.19983575903512185,0.0,0.0,0.0,0.0,-0.0019421977978987216
2025/01/25 09:09:44.351899763,0.19983575903512185,0.0,0.0,0.0,0.0,-0.001941934688116861
2025/01/25 09:09:44.451901391,0.19983575903512185,0.0,0.0,0.0,0.0,0.06403083697943791
2025/01/25 09:09:44.551841680,0.19983575903512185,0.0,0.0,0.0,0.0,0.06345801097254762
2025/01/25 09:09:44.651656201,0.19983575903512185,0.0,0.0,0.0,0.0,0.06290219804041798
2025/01/25 09:09:44.751834758,0.19983575903512185,0.0,0.0,0.0,0.0,0.06236358006938811
2025/01/25 09:09:44.851940253,0.19983575903512185,0.0,0.0,0.0,0.0,0.061840958265995824
2025/01/25 09:09:44.951765295,0.19983575903512185,0.0,0.0,0.0,0.0,0.06133454896016201
2025/01/25 09:09:45.51848695,0.19983575903512185,0.0,0.0,0.0,0.0,0.06084429094199271
2025/01/25 09:09:45.151940889,0.19983575903512185,0.0,0.0,0.0,0.0,0.06037001363426454
2025/01/25 09:09:45.251956611,0.19983575903512185,0.0,0.0,0.0,0.0,0.05991164721856975
2025/01/25 09:09:45.351813959,0.19983575903512185,0.0,0.0,0.0,0.0,0.05946893077952088
2025/01/25 09:09:45.451887532,0.19983575903512185,0.0,0.0,0.0,0.0,0.05904256599995951
2025/01/25 09:09:45.551782960,0.19983575903512185,0.0,0.0,0.0,0.0,0.05863168894792737
2025/01/25 09:09:45.651901462,0.19983575903512185,0.0,0.0,0.0,0.0,0.058236607486331304
2025/01/25 09:09:45.751745085,0.19983575903512185,0.0,0.0,0.0,0.0,0.05785704121022854
2025/01/25 09:09:45.851796190,0.19983575903512185,0.0,0.0,0.0,0.0,0.05749355349484536
2025/01/25 09:09:45.951812652,0.19983575903512185,0.0,0.0,0.0,0.0,0.05714570624579228
2025/01/25 09:09:46.51811816,0.19983575903512185,0.0,0.0,0.0,0.0,0.05681401868858371
2025/01/25 09:09:46.151821422,0.19983575903512185,0.0,0.0,0.0,0.0,0.05649814462304192
2025/01/25 09:09:46.251763428,0.19983575903512185,0.0,0.0,0.0,0.0,0.05619824669265516
2025/01/25 09:09:46.351793832,0.19983575903512185,0.0,0.0,0.0,0.0,0.05591483770947622
2025/01/25 09:09:46.451946120,0.19983575903512185,0.0,0.0,0.0,0.0,0.05564767209688393
2025/01/25 09:09:46.551949759,0.19983575903512185,0.0,0.0,0.0,0.0,0.05539686435028673
2025/01/25 09:09:46.651902469,0.19983575903512185,0.0,0.0,0.0,0.0,0.05516323002968883
2025/01/25 09:09:46.751950263,0.19983575903512185,0.0,0.0,0.0,0.0,0.054946487027758756
2025/01/25 09:09:46.851902003,0.19983575903512185,0.0,0.0,0.0,0.0,0.054747054307975815
2025/01/25 09:09:46.951764220,0.19983575903512185,0.0,0.0,0.0,0.0,0.054565471945958274
2025/01/25 09:09:47.51664588,0.19983575903512185,0.0,0.0,0.0,0.0,0.054401641170349783
2025/01/25 09:09:47.151755924,0.19983575903512185,0.0,0.0,0.0,0.0,0.054256495394158534
2025/01/25 09:09:47.251804623,0.19983575903512185,0.0,0.0,0.0,0.0,0.05413013131988367
2025/01/25 09:09:47.351992320,0.19983575903512185,0.0,0.0,0.0,0.0,0.05402309870789922
2025/01/25 09:09:47.451850484,0.19983575903512185,0.0,0.0,0.0,0.0,0.053935996678607386
2025/01/25 09:09:47.551915886,0.19983575903512185,0.0,0.0,0.0,0.0,0.05386937880634002
2025/01/25 09:09:47.651913945,0.19983575903512185,0.0,0.0,0.0,0.0,0.05382394402172137
2025/01/25 09:09:47.751819226,0.19983575903512185,0.0,0.0,0.0,0.0,0.12492707092702507
2025/01/25 09:09:47.851959635,0.19983575903512185,0.0,0.0,0.0,0.0,0.1233360357419655
2025/01/25 09:09:47.951865099,0.19983575903512185,0.0,0.0,0.0,0.0,0.12180323752392078
2025/01/25 09:09:48.51906852,0.19983575903512185,0.0,0.0,0.0,0.0,0.12032708767304809
2025/01/25 09:09:48.151869487,0.19983575903512185,0.0,0.0,0.0,0.0,0.11890360519413531
2025/01/25 09:09:48.251977164,0.19983575903512185,0.0,0.0,0.0,0.0,0.1175334288631814
2025/01/25 09:09:48.351888522,0.19983575903512185,0.0,0.0,0.0,0.0,0.11621276231123163
2025/01/25 09:09:48.452017215,0.19983575903512185,0.0,0.0,0.0,0.0,0.11494089634845549
2025/01/25 09:09:48.551845452,0.19983575903512185,0.0,0.0,0.0,0.0,0.11371616862468938
2025/01/25 09:09:48.651761349,0.19983575903512185,0.0,0.0,0.0,0.0,0.11253798373008427
2025/01/25 09:09:48.751826841,0.19983575903512185,0.0,0.0,0.0,0.0,0.11140354059270642
2025/01/25 09:09:48.851925040,0.19983575903512185,0.0,0.0,0.0,0.0,0.11031395881694414
2025/01/25 09:09:48.951843606,0.19983575903512185,0.0,0.0,0.0,0.0,0.10926618286915282
2025/01/25 09:09:49.51884001,0.19983575903512185,0.0,0.0,0.0,0.0,0.10826078611617962
2025/01/25 09:09:49.151930590,0.19983575903512185,0.0,0.0,0.0,0.0,0.10729628298793105
2025/01/25 09:09:49.252006969,0.19983575903512185,0.0,0.0,0.0,0.0,0.10637132595197177
2025/01/25 09:09:49.351878385,0.19983575903512185,0.0,0.0,0.0,0.0,0.10548613804934893
2025/01/25 09:09:49.451727542,0.19983575903512185,0.0,0.0,0.0,0.0,0.10463944912954874
2025/01/25 09:09:49.551866635,0.19983575903512185,0.0,0.0,0.0,0.0,0.10383159525853408
2025/01/25 09:09:49.651795150,0.19983575903512185,0.0,0.0,0.0,0.0,0.10306168662909436
2025/01/25 09:09:49.751867960,0.19983575903512185,0.0,0.0,0.0,0.0,0.10232926925337218
2025/01/25 09:09:49.852002780,0.19983575903512185,0.0,0.0,0.0,0.0,0.10163375067873262
2025/01/25 09:09:49.951883638,0.19983575903512185,0.0,0.0,0.0,0.0,0.10097564094869499
2025/01/25 09:09:50.51920707,0.19983575903512185,0.0,0.0,0.0,0.0,0.10035392026962899
2025/01/25 09:09:50.151703103,0.19983575903512185,0.0,0.0,0.0,0.0,0.09977009693629892
2025/01/25 09:09:50.251643522,0.19983575903512185,0.0,0.0,0.0,0.0,0.09922238055448697
2025/01/25 09:09:50.351938908,0.19983575903512185,0.0,0.0,0.0,0.0,0.09871201843388476
2025/01/25 09:09:50.451707291,0.19983575903512185,0.0,0.0,0.0,0.0,0.09823875794989721
2025/01/25 09:09:50.551883177,0.19983575903512185,0.0,0.0,0.0,0.0,0.09780254530888355
2025/01/25 09:09:50.651700060,0.19983575903512185,0.0,0.0,0.0,0.0,0.09740420655040527
2025/01/25 09:09:50.751596309,0.19983575903512185,0.0,0.0,0.0,0.0,0.09704391407145889
2025/01/25 09:09:50.851734209,0.19983575903512185,0.0,0.0,0.0,0.0,0.09672216558231372
2025/01/25 09:09:50.951720087,0.19983575903512185,0.0,0.0,0.0,0.0,0.09643979144464554
2025/01/25 09:09:51.51438640,0.19983575903512185,0.0,0.0,0.0,0.0,0.16339637958585745
2025/01/25 09:09:51.151380282,0.19983575903512185,0.0,0.0,0.0,0.0,0.16054258539058341
2025/01/25 09:09:51.251350364,0.19983575903512185,0.0,0.0,0.0,0.0,0.15781709623349893
2025/01/25 09:09:51.351612960,0.19983575903512185,0.0,0.0,0.0,0.0,0.15521363916703737
2025/01/25 09:09:51.451510081,0.19983575903512185,0.0,0.0,0.0,0.0,0.15272361083727182
2025/01/25 09:09:51.551539844,0.19983575903512185,0.0,0.0,0.0,0.0,0.15034146507644253
2025/01/25 09:09:51.651442612,0.19983575903512185,0.0,0.0,0.0,0.0,0.14806035588334712
2025/01/25 09:09:51.751439280,0.19983575903512185,0.0,0.0,0.0,0.0,0.14587360992229426
2025/01/25 09:09:51.851313741,0.19983575903512185,0.0,0.0,0.0,0.0,0.14377870274118798
2025/01/25 09:09:51.951504078,0.19983575903512185,0.0,0.0,0.0,0.0,0.1417697443211844
2025/01/25 09:09:52.51406369,0.19983575903512185,0.0,0.0,0.0,0.0,0.13984255270826187
2025/01/25 09:09:52.151380438,0.19983575903512185,0.0,0.0,0.0,0.0,0.13799525214902247
2025/01/25 09:09:52.251456600,0.19983575903512185,0.0,0.0,0.0,0.0,0.13622224431380872
2025/01/25 09:09:52.351555311,0.19983575903512185,0.0,0.0,0.0,0.0,0.1345214108461153
2025/01/25 09:09:52.451580251,0.19983575903512185,0.0,0.0,0.0,0.0,0.13288956796721063
2025/01/25 09:09:52.551296259,0.19983575903512185,0.0,0.0,0.0,0.0,0.13132372067123055
2025/01/25 09:09:52.651319820,0.19983575903512185,0.0,0.0,0.0,0.0,0.12982145203150786
2025/01/25 09:09:52.751289967,0.19983575903512185,0.0,0.0,0.0,0.0,0.12838220815832876
2025/01/25 09:09:52.851327240,0.19983575903512185,0.0,0.0,0.0,0.0,0.12700176572169106
2025/01/25 09:09:52.951396740,0.19983575903512185,0.0,0.0,0.0,0.0,0.12567981025386557
2025/01/25 09:09:53.51596119,0.19983575903512185,0.0,0.0,0.0,0.0,0.12441309644279078
2025/01/25 09:09:53.151329097,0.19983575903512185,0.0,0.0,0.0,0.0,0.12320158326682379
2025/01/25 09:09:53.251457541,0.19983575903512185,0.0,0.0,0.0,0.0,0.12204296085754093
2025/01/25 09:09:53.351363317,0.19983575903512185,0.0,0.0,0.0,0.0,0.1209358747084586
2025/01/25 09:09:53.451492994,0.19983575903512185,0.0,0.0,0.0,0.0,0.11988042786420637
2025/01/25 09:09:53.551366298,0.19983575903512185,0.0,0.0,0.0,0.0,0.11887440395108595
2025/01/25 09:09:53.651396054,0.19983575903512185,0.0,0.0,0.0,0.0,0.11791760745433567
2025/01/25 09:09:53.751321560,0.19983575903512185,0.0,0.0,0.0,0.0,0.11700879202448804
2025/01/25 09:09:53.851503404,0.19983575903512185,0.0,0.0,0.0,0.0,0.1161473932023827
2025/01/25 09:09:53.951452674,0.19983575903512185,0.0,0.0,0.0,0.0,0.11533315026060134
2025/01/25 09:09:54.51530041,0.19983575903512185,0.0,0.0,0.0,0.0,0.1145653949680439
2025/01/25 09:09:54.151245230,0.19983575903512185,0.0,0.0,0.0,0.0,0.11384352526240085
2025/01/25 09:09:54.251230606,0.19983575903512185,0.0,0.0,0.0,0.0,0.11316818459691022
2025/01/25 09:09:54.351481039,0.19983575903512185,0.0,0.0,0.0,0.0,0.11253841571265481
2025/01/25 09:09:54.451436358,0.19983575903512185,0.0,0.0,0.0,0.0,0.1119547802062266
2025/01/25 09:09:54.551370665,0.19983575903512185,0.0,0.0,0.0,0.0,0.11141742663877097
2025/01/25 09:09:54.651417497,0.19983575903512185,0.0,0.0,0.0,0.0,0.11092582843343816
2025/01/25 09:09:54.751523899,0.19983575903512185,0.0,0.0,0.0,0.0,0.11048114991283949
2025/01/25 09:09:54.851285761,0.19983575903512185,0.0,0.0,0.0,0.0,0.11008326827159239
2025/01/25 09:09:54.951535951,0.19983575903512185,0.0,0.0,0.0,0.0,0.16138474813129616
2025/01/25 09:09:55.51229996,0.19983575903512185,0.0,0.0,0.0,0.0,0.15859500014796238
2025/01/25 09:09:55.151427821,0.19983575903512185,0.0,0.0,0.0,0.0,0.15592810515856723
2025/01/25 09:09:55.251413666,0.19983575903512185,0.0,0.0,0.0,0.0,0.15337982550129745
2025/01/25 09:09:55.351375607,0.19983575903512185,0.0,0.0,0.0,0.0,0.15093972127676689
2025/01/25 09:09:55.451441445,0.19983575903512185,0.0,0.0,0.0,0.0,0.148605229045687
2025/01/25 09:09:55.551496738,0.19983575903512185,0.0,0.0,0.0,0.0,0.14636797556572037
2025/01/25 09:09:55.651977240,0.19983575903512185,0.0,0.0,0.0,0.0,0.14422400940348984
2025/01/25 09:09:55.751367995,0.19983575903512185,0.0,0.0,0.0,0.0,0.14216743737326248
2025/01/25 09:09:55.851323978,0.19983575903512185,0.0,0.0,0.0,0.0,0.14019299789697845
2025/01/25 09:09:55.951374562,0.19983575903512185,0.0,0.0,0.0,0.0,0.13830279358896877
2025/01/25 09:09:56.51448470,0.19983575903512185,0.0,0.0,0.0,0.0,0.13648674455006568
2025/01/25 09:09:56.151356663,0.19983575903512185,0.0,0.0,0.0,0.0,0.13474366259600187
2025/01/25 09:09:56.251484708,0.19983575903512185,0.0,0.0,0.0,0.0,0.13307174619902445
2025/01/25 09:09:56.351407095,0.19983575903512185,0.0,0.0,0.0,0.0,0.13146580221509754
2025/01/25 09:09:56.451563616,0.19983575903512185,0.0,0.0,0.0,0.0,0.12992210063240978
2025/01/25 09:09:56.551453739,0.19983575903512185,0.0,0.0,0.0,0.0,0.12844536263595613
2025/01/25 09:09:56.651363681,0.19983575903512185,0.0,0.0,0.0,0.0,0.12702826450030713
2025/01/25 09:09:56.751296796,0.19983575903512185,0.0,0.0,0.0,0.0,0.12566816856088459
2025/01/25 09:09:56.851326179,0.19983575903512185,0.0,0.0,0.0,0.0,0.12436414693877569
2025/01/25 09:09:56.951421653,0.19983575903512185,0.0,0.0,0.0,0.0,0.12311616988384723
2025/01/25 09:09:57.51383115,0.19983575903512185,0.0,0.0,0.0,0.0,0.12192089946768817
2025/01/25 09:09:57.151344327,0.19983575903512185,0.0,0.0,0.0,0.0,0.12077755327157631
2025/01/25 09:09:57.251354520,0.19983575903512185,0.0,0.0,0.0,0.0,0.11968508063465272
2025/01/25 09:09:57.351209666,0.19983575903512185,0.0,0.0,0.0,0.0,0.1186428241113984
2025/01/25 09:09:57.451279983,0.19983575903512185,0.0,0.0,0.0,0.0,0.11764786885493357
2025/01/25 09:09:57.551277060,0.19983575903512185,0.0,0.0,0.0,0.0,0.11670257333886132
2025/01/25 09:09:57.651409169,0.19983575903512185,0.0,0.0,0.0,0.0,0.11580403597674754
2025/01/25 09:09:57.751393287,0.19983575903512185,0.0,0.0,0.0,0.0,0.1149518064432422
2025/01/25 09:09:57.851493104,0.19983575903512185,0.0,0.0,0.0,0.0,0.11414570861479878
2025/01/25 09:09:57.951596695,0.19983575903512185,0.0,0.0,0.0,0.0,0.11338531477375169
2025/01/25 09:09:58.51537330,0.19983575903512185,0.0,0.0,0.0,0.0,0.1126706853528664
2025/01/25 09:09:58.151282536,0.19983575903512185,0.0,0.0,0.0,0.0,0.11200053908904542
2025/01/25 09:09:58.251351240,0.19983575903512185,0.0,0.0,0.0,0.0,0.11137552871137045
2025/01/25 09:09:58.351232495,0.19983575903512185,0.0,0.0,0.0,0.0,0.11079564762240371
2025/01/25 09:09:58.451508184,0.19983575903512185,0.0,0.0,0.0,0.0,0.11026110764431629
2025/01/25 09:09:58.551394582,0.19983575903512185,0.0,0.0,0.0,0.0,0.10977202127577167
2025/01/25 09:09:58.651274359,0.19983575903512185,0.0,0.0,0.0,0.0,0.1093284047477647
2025/01/25 09:09:58.751437256,0.19983575903512185,0.0,0.0,0.0,0.0,0.10893103989847526
2025/01/25 09:09:58.851411194,0.19983575903512185,0.0,0.0,0.0,0.0,0.1381246702304771
2025/01/25 09:09:58.951325916,0.19983575903512185,0.0,0.0,0.0,0.0,0.13606008862669852
2025/01/25 09:09:59.51785553,0.19983575903512185,0.0,0.0,0.0,0.0,0.13407617928548438
2025/01/25 09:09:59.151211635,0.19983575903512185,0.0,0.0,0.0,0.0,0.13216527262274125
2025/01/25 09:09:59.251379741,0.19983575903512185,0.0,0.0,0.0,0.0,0.1303269702638585
2025/01/25 09:09:59.351448087,0.19983575903512185,0.0,0.0,0.0,0.0,0.1285568358762107
2025/01/25 09:09:59.451354563,0.19983575903512185,0.0,0.0,0.0,0.0,0.1268522390488278
2025/01/25 09:09:59.551337688,0.19983575903512185,0.0,0.0,0.0,0.0,0.12521102188240665
2025/01/25 09:09:59.651505510,0.19983575903512185,0.0,0.0,0.0,0.0,0.12362944895384416
2025/01/25 09:09:59.751400349,0.19983575903512185,0.0,0.0,0.0,0.0,0.12210625606371783
2025/01/25 09:09:59.851239656,0.19983575903512185,0.0,0.0,0.0,0.0,0.12063848878036175
2025/01/25 09:09:59.951315009,0.19983575903512185,0.0,0.0,0.0,0.0,0.1192253978623332
2025/01/25 09:10:00.51364933,0.19983575903512185,0.0,0.0,0.0,0.0,0.11786310743400445
2025/01/25 09:10:00.151399023,0.19983575903512185,0.0,0.0,0.0,0.0,0.11655247581317796
2025/01/25 09:10:00.251317604,0.19983575903512185,0.0,0.0,0.0,0.0,0.11529027192853457
2025/01/25 09:10:00.351367738,0.19983575903512185,0.0,0.0,0.0,0.0,0.1140761465700353
2025/01/25 09:10:00.451354622,0.19983575903512185,0.0,0.0,0.0,0.0,0.11290775967866803
2025/01/25 09:10:00.551282163,0.19983575903512185,0.0,0.0,0.0,0.0,0.1117841033410309
2025/01/25 09:10:00.651262793,0.19983575903512185,0.0,0.0,0.0,0.0,0.11070461862342187
2025/01/25 09:10:00.751235248,0.19983575903512185,0.0,0.0,0.0,0.0,0.10966764072188478
2025/01/25 09:10:00.851191860,0.19983575903512185,0.0,0.0,0.0,0.0,0.10867256202854127
2025/01/25 09:10:00.951382947,0.19983575903512185,0.0,0.0,0.0,0.0,0.10771904825031678
2025/01/25 09:10:01.51391470,0.19983575903512185,0.0,0.0,0.0,0.0,0.10680563602506428
2025/01/25 09:10:01.151378162,0.19983575903512185,0.0,0.0,0.0,0.0,0.10593248420017223
2025/01/25 09:10:01.251811069,0.19983575903512185,0.0,0.0,0.0,0.0,0.10509769988643304
2025/01/25 09:10:01.351640878,0.19983575903512185,0.0,0.0,0.0,0.0,0.10430163146357982
2025/01/25 09:10:01.451580992,0.19983575903512185,0.0,0.0,0.0,0.0,0.10354461882748693
2025/01/25 09:10:01.551246027,0.19983575903512185,0.0,0.0,0.0,0.0,0.10282595284639323
2025/01/25 09:10:01.651605943,0.19983575903512185,0.0,0.0,0.0,0.0,0.1021442112520515
2025/01/25 09:10:01.752457161,0.19983575903512185,0.0,0.0,0.0,0.0,0.10149978940758378
2025/01/25 09:10:01.851456077,0.19983575903512185,0.0,0.0,0.0,0.0,0.10089344194882095
2025/01/25 09:10:01.951367106,0.19983575903512185,0.0,0.0,0.0,0.0,0.10032419388154189
2025/01/25 09:10:02.51315229,0.19983575903512185,0.0,0.0,0.0,0.0,0.09979233122695902
2025/01/25 09:10:02.151498148,0.19983575903512185,0.0,0.0,0.0,0.0,0.09929801382438783
2025/01/25 09:10:02.251634825,0.19983575903512185,0.0,0.0,0.0,0.0,0.09884156448101257
2025/01/25 09:10:02.351324339,0.19983575903512185,0.0,0.0,0.0,0.0,0.09842314295624684
2025/01/25 09:10:02.451482085,0.19983575903512185,0.0,0.0,0.0,0.0,0.09804325313522753
2025/01/25 09:10:02.551549793,0.19983575903512185,0.0,0.0,0.0,0.0,0.09770206753091991
2025/01/25 09:10:02.651147752,0.19983575903512185,0.0,0.0,0.0,0.0,0.09740068775306457
2025/01/25 09:10:02.751138419,0.19983575903512185,0.0,0.0,0.0,0.0,0.09713952369681711
2025/01/25 09:10:02.851221386,0.19983575903512185,0.0,0.0,0.0,0.0,0.11334737319410576
2025/01/25 09:10:02.951330318,0.19983575903512185,0.0,0.0,0.0,0.0,0.11188855414781572
2025/01/25 09:10:03.51420799,0.19983575903512185,0.0,0.0,0.0,0.0,0.11047832487473586
2025/01/25 09:10:03.151329858,0.19983575903512185,0.0,0.0,0.0,0.0,0.10911329447141697
2025/01/25 09:10:03.251552004,0.19983575903512185,0.0,0.0,0.0,0.0,0.10779213995956462
2025/01/25 09:10:03.351526633,0.19983575903512185,0.0,0.0,0.0,0.0,0.10651617430975927
2025/01/25 09:10:03.451496559,0.19983575903512185,0.0,0.0,0.0,0.0,0.1052808284527138
2025/01/25 09:10:03.552065640,0.19983575903512185,0.0,0.0,0.0,0.0,0.10408641950349831
2025/01/25 09:10:03.651787782,0.19983575903512185,0.0,0.0,0.0,0.0,0.10293188898349466
2025/01/25 09:10:03.751546974,0.19983575903512185,0.0,0.0,0.0,0.0,0.1018142923063782
2025/01/25 09:10:03.851453384,0.19983575903512185,0.0,0.0,0.0,0.0,0.10073526517338834
2025/01/25 09:10:03.951408071,0.19983575903512185,0.0,0.0,0.0,0.0,0.09969288324415448
2025/01/25 09:10:04.51606472,0.19983575903512185,0.0,0.0,0.0,0.0,0.09868476536466797
2025/01/25 09:10:04.152189298,0.19983575903512185,0.0,0.0,0.0,0.0,0.09771212494501767
2025/01/25 09:10:04.251848675,0.19983575903512185,0.0,0.0,0.0,0.0,0.09677261004176313
2025/01/25 09:10:04.351541872,0.19983575903512185,0.0,0.0,0.0,0.0,0.09586642792389112
2025/01/25 09:10:04.451549800,0.19983575903512185,0.0,0.0,0.0,0.0,0.09499337212222374
2025/01/25 09:10:04.551905728,0.19983575903512185,0.0,0.0,0.0,0.0,0.09415204294938329
2025/01/25 09:10:04.651312973,0.19983575903512185,0.0,0.0,0.0,0.0,0.09334303235884656
2025/01/25 09:10:04.751412733,0.19983575903512185,0.0,0.0,0.0,0.0,0.09256420233335945
2025/01/25 09:10:04.851215765,0.19983575903512185,0.0,0.0,0.0,0.0,0.09181640327302389
2025/01/25 09:10:04.951314780,0.19983575903512185,0.0,0.0,0.0,0.0,0.09109912514714204
2025/01/25 09:10:05.51444043,0.19983575903512185,0.0,0.0,0.0,0.0,0.09041170587852826
2025/01/25 09:10:05.151107162,0.19983575903512185,0.0,0.0,0.0,0.0,0.08975389042063912
2025/01/25 09:10:05.251291069,0.19983575903512185,0.0,0.0,0.0,0.0,0.08912592386935018
2025/01/25 09:10:05.351336655,0.19983575903512185,0.0,0.0,0.0,0.0,0.08852717475913173
2025/01/25 09:10:05.451370116,0.19983575903512185,0.0,0.0,0.0,0.0,0.08795781733365414
2025/01/25 09:10:05.551495686,0.19983575903512185,0.0,0.0,0.0,0.0,0.08741746126643489
2025/01/25 09:10:05.651308675,0.19983575903512185,0.0,0.0,0.0,0.0,0.08690660459201183
2025/01/25 09:10:05.752103193,0.19983575903512185,0.0,0.0,0.0,0.0,0.08642551826495123
2025/01/25 09:10:05.851323187,0.19983575903512185,0.0,0.0,0.0,0.0,0.0859735373646377
2025/01/25 09:10:05.951547586,0.19983575903512185,0.0,0.0,0.0,0.0,0.08555092092522132
2025/01/25 09:10:06.51210875,0.19983575903512185,0.0,0.0,0.0,0.0,0.08515863948637349
2025/01/25 09:10:06.151406327,0.19983575903512185,0.0,0.0,0.0,0.0,0.08479613924075995
2025/01/25 09:10:06.251142654,0.19983575903512185,0.0,0.0,0.0,0.0,0.08446438549903074
2025/01/25 09:10:06.351103115,0.19983575903512185,0.0,0.0,0.0,0.0,0.0841631466586217
2025/01/25 09:10:06.451159526,0.19983575903512185,0.0,0.0,0.0,0.0,0.08389388089816253
2025/01/25 09:10:06.551422195,0.19983575903512185,0.0,0.0,0.0,0.0,0.08365625896808489
2025/01/25 09:10:06.651238599,0.19983575903512185,0.0,0.0,0.0,0.0,0.08345138359691262
2025/01/25 09:10:06.751325134,0.19983575903512185,0.0,0.0,0.0,0.0,0.08328000184955023
2025/01/25 09:10:06.851225068,0.19983575903512185,0.0,0.0,0.0,0.0,0.08568804526194386
2025/01/25 09:10:06.951378269,0.19983575903512185,0.0,0.0,0.0,0.0,0.0847690159022434
2025/01/25 09:10:07.51303806,0.19983575903512185,0.0,0.0,0.0,0.0,0.0838765201270891
2025/01/25 09:10:07.151105240,0.19983575903512185,0.0,0.0,0.0,0.0,0.083009976229632
2025/01/25 09:10:07.251099351,0.19983575903512185,0.0,0.0,0.0,0.0,0.08216896722275913
2025/01/25 09:10:07.351224685,0.19983575903512185,0.0,0.0,0.0,0.0,0.08135308850490035
2025/01/25 09:10:07.451206298,0.19983575903512185,0.0,0.0,0.0,0.0,0.08056241151488842
2025/01/25 09:10:07.551530624,0.19983575903512185,0.0,0.0,0.0,0.0,0.07979528770243695
2025/01/25 09:10:07.651439128,0.19983575903512185,0.0,0.0,0.0,0.0,0.07905280202969307
2025/01/25 09:10:07.751283334,0.19983575903512185,0.0,0.0,0.0,0.0,0.07833324833081338
2025/01/25 09:10:07.851174757,0.19983575903512185,0.0,0.0,0.0,0.0,0.0776368552059451
2025/01/25 09:10:07.951043037,0.19983575903512185,0.0,0.0,0.0,0.0,0.07696290553253034
2025/01/25 09:10:08.51142120,0.19983575903512185,0.0,0.0,0.0,0.0,0.07631176093443509
2025/01/25 09:10:08.151153395,0.19983575903512185,0.0,0.0,0.0,0.0,0.07568272040456415
2025/01/25 09:10:08.251206330,0.19983575903512185,0.0,0.0,0.0,0.0,0.07507567383953712
2025/01/25 09:10:08.351169830,0.19983575903512185,0.0,0.0,0.0,0.0,0.07449050257070332
2025/01/25 09:10:08.451281958,0.19983575903512185,0.0,0.0,0.0,0.0,0.0739270211391
2025/01/25 09:10:08.551109595,0.19983575903512185,0.0,0.0,0.0,0.0,0.07338527676537106
2025/01/25 09:10:08.651215551,0.19983575903512185,0.0,0.0,0.0,0.0,0.07286461720081844
2025/01/25 09:10:08.751200801,0.19983575903512185,0.0,0.0,0.0,0.0,0.07236557810872297
2025/01/25 09:10:08.851040117,0.19983575903512185,0.0,0.0,0.0,0.0,0.07188754156105284
2025/01/25 09:10:08.951055115,0.19983575903512185,0.0,0.0,0.0,0.0,0.07143106624631697
2025/01/25 09:10:09.51138072,0.19983575903512185,0.0,0.0,0.0,0.0,0.07099590868638646
2025/01/25 09:10:09.151242929,0.19983575903512185,0.0,0.0,0.0,0.0,0.07058220600707615
2025/01/25 09:10:09.251183808,0.19983575903512185,0.0,0.0,0.0,0.0,0.07018967613279653
2025/01/25 09:10:09.351367745,0.19983575903512185,0.0,0.0,0.0,0.0,0.06981897382713899
2025/01/25 09:10:09.451163061,0.19983575903512185,0.0,0.0,0.0,0.0,0.06946977553647606
2025/01/25 09:10:09.551201729,0.19983575903512185,0.0,0.0,0.0,0.0,0.06914238861345356
2025/01/25 09:10:09.651061467,0.19983575903512185,0.0,0.0,0.0,0.0,0.06883771476070831
2025/01/25 09:10:09.751010886,0.19983575903512185,0.0,0.0,0.0,0.0,0.0685551061194864
2025/01/25 09:10:09.851204803,0.19983575903512185,0.0,0.0,0.0,0.0,0.06829537968769518
2025/01/25 09:10:09.951361169,0.19983575903512185,0.0,0.0,0.0,0.0,0.06805869169791617
2025/01/25 09:10:10.51374409,0.19983575903512185,0.0,0.0,0.0,0.0,0.06784578911734129
2025/01/25 09:10:10.151467990,0.19983575903512185,0.0,0.0,0.0,0.0,0.06765676849194438
2025/01/25 09:10:10.251239537,0.19983575903512185,0.0,0.0,0.0,0.0,0.06749233269499123
2025/01/25 09:10:10.351130469,0.19983575903512185,0.0,0.0,0.0,0.0,0.06735315965182088
2025/01/25 09:10:10.451106584,0.19983575903512185,0.0,0.0,0.0,0.0,0.0672397904023048
2025/01/25 09:10:10.551072898,0.19983575903512185,0.0,0.0,0.0,0.0,0.06715306178100497
2025/01/25 09:10:10.651034220,0.19983575903512185,0.0,0.0,0.0,0.0,0.09278247838903356
2025/01/25 09:10:10.751369094,0.19983575903512185,0.0,0.0,0.0,0.0,0.09178304215486456
2025/01/25 09:10:10.851462126,0.19983575903512185,0.0,0.0,0.0,0.0,0.09081430690977861
2025/01/25 09:10:10.951108450,0.19983575903512185,0.0,0.0,0.0,0.0,0.08987537564613159
2025/01/25 09:10:11.51230426,0.19983575903512185,0.0,0.0,0.0,0.0,0.08896598726281887
2025/01/25 09:10:11.151323857,0.19983575903512185,0.0,0.0,0.0,0.0,0.08808470055811073
2025/01/25 09:10:11.251133981,0.19983575903512185,0.0,0.0,0.0,0.0,0.08723262398483073
2025/01/25 09:10:11.351019795,0.19983575903512185,0.0,0.0,0.0,0.0,0.08640831720387991
2025/01/25 09:10:11.451174281,0.19983575903512185,0.0,0.0,0.0,0.0,0.08561081774887072
2025/01/25 09:10:11.551307008,0.19983575903512185,0.0,0.0,0.0,0.0,0.08483963587115763
2025/01/25 09:10:11.651258595,0.19983575903512185,0.0,0.0,0.0,0.0,0.08409537090990156
2025/01/25 09:10:11.751082532,0.19983575903512185,0.0,0.0,0.0,0.0,0.0833770987495088
2025/01/25 09:10:11.851175777,0.19983575903512185,0.0,0.0,0.0,0.0,0.08268427542733273
2025/01/25 09:10:11.951067812,0.19983575903512185,0.0,0.0,0.0,0.0,0.0820167102002769
2025/01/25 09:10:12.51010231,0.19983575903512185,0.0,0.0,0.0,0.0,0.08137429982258584
2025/01/25 09:10:12.151048716,0.19983575903512185,0.0,0.0,0.0,0.0,0.08075683083577467
2025/01/25 09:10:12.251169904,0.19983575903512185,0.0,0.0,0.0,0.0,0.080164342164193
2025/01/25 09:10:12.351200713,0.19983575903512185,0.0,0.0,0.0,0.0,0.07959612854023752
2025/01/25 09:10:12.451189564,0.19983575903512185,0.0,0.0,0.0,0.0,0.07905220799227626
2025/01/25 09:10:12.551174786,0.19983575903512185,0.0,0.0,0.0,0.0,0.07853305284541273
2025/01/25 09:10:12.651251330,0.19983575903512185,0.0,0.0,0.0,0.0,0.07803792328339224
2025/01/25 09:10:12.751052088,0.19983575903512185,0.0,0.0,0.0,0.0,0.0775674270937506
2025/01/25 09:10:12.851017496,0.19983575903512185,0.0,0.0,0.0,0.0,0.07712118860875229
2025/01/25 09:10:12.951167671,0.19983575903512185,0.0,0.0,0.0,0.0,0.07669951485385666
2025/01/25 09:10:13.51190843,0.19983575903512185,0.0,0.0,0.0,0.0,0.07630250494302769
2025/01/25 09:10:13.151157516,0.19983575903512185,0.0,0.0,0.0,0.0,0.07593035485355276
2025/01/25 09:10:13.251221931,0.19983575903512185,0.0,0.0,0.0,0.0,0.07558322908891879
2025/01/25 09:10:13.351259382,0.19983575903512185,0.0,0.0,0.0,0.0,0.07526139848714117
2025/01/25 09:10:13.451128177,0.19983575903512185,0.0,0.0,0.0,0.0,0.07496513834438563
2025/01/25 09:10:13.551021786,0.19983575903512185,0.0,0.0,0.0,0.0,0.07469501954335893
2025/01/25 09:10:13.651024344,0.19983575903512185,0.0,0.0,0.0,0.0,0.07445127407645936
2025/01/25 09:10:13.751020898,0.19983575903512185,0.0,0.0,0.0,0.0,0.07423447017213171
2025/01/25 09:10:13.851151950,0.19983575903512185,0.0,0.0,0.0,0.0,0.07404536475055593
2025/01/25 09:10:13.951148198,0.19983575903512185,0.0,0.0,0.0,0.0,0.07388436330032162
2025/01/25 09:10:14.51130374,0.19983575903512185,0.0,0.0,0.0,0.0,0.0737522284065928
2025/01/25 09:10:14.151201179,0.19983575903512185,0.0,0.0,0.0,0.0,0.07651904913296095
2025/01/25 09:10:14.251289708,0.19983575903512185,0.0,0.0,0.0,0.0,0.0763832343339526
2025/01/25 09:10:14.351158695,0.19983575903512185,0.0,0.0,0.0,0.0,0.06802433871969862
2025/01/25 09:10:14.451057951,0.19983575903512185,0.0,0.0,0.0,0.0,0.0674109686417575
2025/01/25 09:10:14.551349489,0.19983575903512185,0.0,0.0,0.0,0.0,0.06681710065165099
2025/01/25 09:10:14.651294233,0.19983575903512185,0.0,0.0,0.0,0.0,0.066240895117763
2025/01/25 09:10:14.751063188,0.19983575903512185,0.0,0.0,0.0,0.0,0.06568245242509234
2025/01/25 09:10:14.851215320,0.19983575903512185,0.0,0.0,0.0,0.0,0.0651419905901105
2025/01/25 09:10:14.951350147,0.19983575903512185,0.0,0.0,0.0,0.0,0.06461895901550142
2025/01/25 09:10:15.51126061,0.19983575903512185,0.0,0.0,0.0,0.0,0.06411342054387617
2025/01/25 09:10:15.151144001,0.19983575903512185,0.0,0.0,0.0,0.0,0.06362496739092059
2025/01/25 09:10:15.250999577,0.19983575903512185,0.0,0.0,0.0,0.0,0.06315384820457792
2025/01/25 09:10:15.351032180,0.19983575903512185,0.0,0.0,0.0,0.0,0.06269978637305558
2025/01/25 09:10:15.451280930,0.19983575903512185,0.0,0.0,0.0,0.0,0.06226296420843395
2025/01/25 09:10:15.551255666,0.19983575903512185,0.0,0.0,0.0,0.0,0.061843573637879755
2025/01/25 09:10:15.651106134,0.19983575903512185,0.0,0.0,0.0,0.0,0.06144115482325684
2025/01/25 09:10:15.751169124,0.19983575903512185,0.0,0.0,0.0,0.0,0.06105573906645917
2025/01/25 09:10:15.851167615,0.19983575903512185,0.0,0.0,0.0,0.0,0.06068750068628021
2025/01/25 09:10:15.951152720,0.19983575903512185,0.0,0.0,0.0,0.0,0.060336299637705475
2025/01/25 09:10:16.51039043,0.19983575903512185,0.0,0.0,0.0,0.0,0.06000254267982821
2025/01/25 09:10:16.151305602,0.19983575903512185,0.0,0.0,0.0,0.0,0.059686279950193176
2025/01/25 09:10:16.251112371,0.19983575903512185,0.0,0.0,0.0,0.0,0.05938764650287935
2025/01/25 09:10:16.351275768,0.19983575903512185,0.0,0.0,0.0,0.0,0.05910671255944972
2025/01/25 09:10:16.451088112,0.19983575903512185,0.0,0.0,0.0,0.0,0.05884375072554151
2025/01/25 09:10:16.551435508,0.19983575903512185,0.0,0.0,0.0,0.0,0.05859900540414338
2025/01/25 09:10:16.651050038,0.19983575903512185,0.0,0.0,0.0,0.0,0.05837275123795199
2025/01/25 09:10:16.751016147,0.19983575903512185,0.0,0.0,0.0,0.0,0.05816527482645024
2025/01/25 09:10:16.851078767,0.19983575903512185,0.0,0.0,0.0,0.0,0.057976924091308696
2025/01/25 09:10:16.951050662,0.19983575903512185,0.0,0.0,0.0,0.0,0.057808030265391525
2025/01/25 09:10:17.51207222,0.19983575903512185,0.0,0.0,0.0,0.0,0.057659272408573145
2025/01/25 09:10:17.151210703,0.19983575903512185,0.0,0.0,0.0,0.0,0.05753095584434277
2025/01/25 09:10:17.251444455,0.19983575903512185,0.0,0.0,0.0,0.0,0.05742361444825426
2025/01/25 09:10:17.351315292,0.19983575903512185,0.0,0.0,0.0,0.0,0.057337867249649045
2025/01/25 09:10:17.451268932,0.19983575903512185,0.0,0.0,0.0,0.0,0.05727442079651863
2025/01/25 09:10:17.551205649,0.19983575903512185,0.0,0.0,0.0,0.0,0.027598743897292072
2025/01/25 09:10:17.651122660,0.19983575903512185,0.0,0.0,0.0,0.0,0.027377949033636467
2025/01/25 09:10:17.751008551,0.19983575903512185,0.0,0.0,0.0,0.0,0.02716326312279692
2025/01/25 09:10:17.851138904,0.19983575903512185,0.0,0.0,0.0,0.0,0.026954499838913386
2025/01/25 09:10:17.951253162,0.19983575903512185,0.0,0.0,0.0,0.0,0.026751882430404474
2025/01/25 09:10:18.51298864,0.19983575903512185,0.0,0.0,0.0,0.0,0.026555275120854704
2025/01/25 09:10:18.151157322,0.19983575903512185,0.0,0.0,0.0,0.0,0.026364713757952483
2025/01/25 09:10:18.251140249,0.19983575903512185,0.0,0.0,0.0,0.0,0.026180040587043648
2025/01/25 09:10:18.351286287,0.19983575903512185,0.0,0.0,0.0,0.0,0.026001465056521254
2025/01/25 09:10:18.451070428,0.19983575903512185,0.0,0.0,0.0,0.0,0.025828989891173586
2025/01/25 09:10:18.551059300,0.19983575903512185,0.0,0.0,0.0,0.0,0.025662578098123518
2025/01/25 09:10:18.651362560,0.19983575903512185,0.0,0.0,0.0,0.0,0.025502197446028264
2025/01/25 09:10:18.751206327,0.19983575903512185,0.0,0.0,0.0,0.0,0.025348003192416292
2025/01/25 09:10:18.851189151,0.19983575903512185,0.0,0.0,0.0,0.0,0.025200029526625572
2025/01/25 09:10:18.951317433,0.19983575903512185,0.0,0.0,0.0,0.0,0.025058195177385688
2025/01/25 09:10:19.51387415,0.19983575903512185,0.0,0.0,0.0,0.0,0.024922619119780037
2025/01/25 09:10:19.151363594,0.19983575903512185,0.0,0.0,0.0,0.0,0.024793398383650238
2025/01/25 09:10:19.251143387,0.19983575903512185,0.0,0.0,0.0,0.0,0.024670559239391876
2025/01/25 09:10:19.351090805,0.19983575903512185,0.0,0.0,0.0,0.0,0.024554205631480776
2025/01/25 09:10:19.451129079,0.19983575903512185,0.0,0.0,0.0,0.0,0.02444442846328247
2025/01/25 09:10:19.551450117,0.19983575903512185,0.0,0.0,0.0,0.0,0.02434135101840409
2025/01/25 09:10:19.651322842,0.19983575903512185,0.0,0.0,0.0,0.0,0.024245094434168474
2025/01/25 09:10:19.751237126,0.19983575903512185,0.0,0.0,0.0,0.0,0.02415574067817397
2025/01/25 09:10:19.851382909,0.19983575903512185,0.0,0.0,0.0,0.0,0.024073415156923645
2025/01/25 09:10:19.951243978,0.19983575903512185,0.0,0.0,0.0,0.0,0.02399828889397236
2025/01/25 09:10:20.51233521,0.19983575903512185,0.0,0.0,0.0,0.0,0.023930573646728934
2025/01/25 09:10:20.151314872,0.19983575903512185,0.0,0.0,0.0,0.0,0.023870400842848687
2025/01/25 09:10:20.251147151,0.19983575903512185,0.0,0.0,0.0,0.0,0.023817958673538274
2025/01/25 09:10:20.351272256,0.19983575903512185,0.0,0.0,0.0,0.0,0.02377352724963841
2025/01/25 09:10:20.451290963,0.19983575903512185,0.0,0.0,0.0,0.0,0.023737324564915802
2025/01/25 09:10:20.551203840,0.19983575903512185,0.0,0.0,0.0,0.0,0.023709591053790648
2025/01/25 09:10:20.651213370,0.19983575903512185,0.0,0.0,0.0,0.0,0.023690632280031296
2025/01/25 09:10:20.751045600,0.19983575903512185,0.0,0.0,0.0,0.0,0.023680768304248374
2025/01/25 09:10:20.851226970,0.19983575903512185,0.0,0.0,0.0,0.0,0.009668181335369865
2025/01/25 09:10:20.951101685,0.19983575903512185,0.0,0.0,0.0,0.0,0.009589708269448508
2025/01/25 09:10:21.51094463,0.19983575903512185,0.0,0.0,0.0,0.0,0.009513240950621117
2025/01/25 09:10:21.151338970,0.19983575903512185,0.0,0.0,0.0,0.0,0.009438760421392302
2025/01/25 09:10:21.251182053,0.19983575903512185,0.0,0.0,0.0,0.0,0.00936634255935094
2025/01/25 09:10:21.351355656,0.19983575903512185,0.0,0.0,0.0,0.0,0.009295913230478762
2025/01/25 09:10:21.451209034,0.19983575903512185,0.0,0.0,0.0,0.0,0.009227484529087301
2025/01/25 09:10:21.551134873,0.19983575903512185,0.0,0.0,0.0,0.0,0.009161062812895903
2025/01/25 09:10:21.651096424,0.19983575903512185,0.0,0.0,0.0,0.0,0.009096663845703741
2025/01/25 09:10:21.751399758,0.19983575903512185,0.0,0.0,0.0,0.0,0.009034270415316334
2025/01/25 09:10:21.851248748,0.19983575903512185,0.0,0.0,0.0,0.0,0.008973876572422008
2025/01/25 09:10:21.951249803,0.19983575903512185,0.0,0.0,0.0,0.0,0.008915583900258426
2025/01/25 09:10:22.51340446,0.19983575903512185,0.0,0.0,0.0,0.0,0.00885928443976807
2025/01/25 09:10:22.151357815,0.19983575903512185,0.0,0.0,0.0,0.0,0.00880506631170995
2025/01/25 09:10:22.251229917,0.19983575903512185,0.0,0.0,0.0,0.0,0.008752896219472096
2025/01/25 09:10:22.351309018,0.19983575903512185,0.0,0.0,0.0,0.0,0.008702776957279211
2025/01/25 09:10:22.451327418,0.19983575903512185,0.0,0.0,0.0,0.0,0.008654810592126616
2025/01/25 09:10:22.551173986,0.19983575903512185,0.0,0.0,0.0,0.0,0.008608933288857836
2025/01/25 09:10:22.651154296,0.19983575903512185,0.0,0.0,0.0,0.0,0.008565190592958379
2025/01/25 09:10:22.751128530,0.19983575903512185,0.0,0.0,0.0,0.0,0.0085236526833841
2025/01/25 09:10:22.851306766,0.19983575903512185,0.0,0.0,0.0,0.0,0.008484294807588517
2025/01/25 09:10:22.951463334,0.19983575903512185,0.0,0.0,0.0,0.0,0.008447188907145669
2025/01/25 09:10:23.51329955,0.19983575903512185,0.0,0.0,0.0,0.0,0.008412335486556425
2025/01/25 09:10:23.151435654,0.19983575903512185,0.0,0.0,0.0,0.0,0.008379723999053078
2025/01/25 09:10:23.251179053,0.19983575903512185,0.0,0.0,0.0,0.0,0.008349622107844295
2025/01/25 09:10:23.351189502,0.19983575903512185,0.0,0.0,0.0,0.0,0.008321849433018062
2025/01/25 09:10:23.451416828,0.19983575903512185,0.0,0.0,0.0,0.0,0.008296542037302804
2025/01/25 09:10:23.551154892,0.19983575903512185,0.0,0.0,0.0,0.0,0.008273749688467653
2025/01/25 09:10:23.651210953,0.19983575903512185,0.0,0.0,0.0,0.0,0.00825352802657584
2025/01/25 09:10:23.751263501,0.19983575903512185,0.0,0.0,0.0,0.0,0.008235987919146467
2025/01/25 09:10:23.851316555,0.19983575903512185,0.0,0.0,0.0,0.0,0.008221165519876044
2025/01/25 09:10:23.951321589,0.19983575903512185,0.0,0.0,0.0,0.0,0.008209148873331223
2025/01/25 09:10:24.59806568,0.19983575903512185,0.0,0.0,0.0,0.0,0.00820005910123868
2025/01/25 09:10:24.151216617,0.19983575903512185,0.0,0.0,0.0,0.0,0.00819396750557889
2025/01/25 09:10:24.251430682,0.19983575903512185,0.0,0.0,0.0,0.0,0.008190996332263608
2025/01/25 09:10:24.351589388,0.19983575903512185,0.0,0.0,0.0,0.0,-0.009950595523598262
2025/01/25 09:10:24.451287773,0.19983575903512185,0.0,0.0,0.0,0.0,-0.009869876245267537
2025/01/25 09:10:24.551372301,0.19983575903512185,0.0,0.0,0.0,0.0,-0.009791207652991272
2025/01/25 09:10:24.651572437,0.19983575903512185,0.0,0.0,0.0,0.0,-0.009714648027296303
2025/01/25 09:10:24.751410186,0.19983575903512185,0.0,0.0,0.0,0.0,-0.009640027508047396
2025/01/25 09:10:24.851300643,0.19983575903512185,0.0,0.0,0.0,0.0,-0.009567663403528388
2025/01/25 09:10:24.951181735,0.19983575903512185,0.0,0.0,0.0,0.0,-0.009497318363481801
2025/01/25 09:10:25.51172550,0.19983575903512185,0.0,0.0,0.0,0.0,-0.009429003912283471
2025/01/25 09:10:25.151246029,0.19983575903512185,0.0,0.0,0.0,0.0,-0.009362765218180408
2025/01/25 09:10:25.251526110,0.19983575903512185,0.0,0.0,0.0,0.0,-0.009298598644475029
2025/01/25 09:10:25.351315855,0.19983575903512185,0.0,0.0,0.0,0.0,-0.009236578662045643
2025/01/25 09:10:25.451321189,0.19983575903512185,0.0,0.0,0.0,0.0,-0.00917662388610902
2025/01/25 09:10:25.551399060,0.19983575903512185,0.0,0.0,0.0,0.0,-0.009118759225103754
2025/01/25 09:10:25.651405806,0.19983575903512185,0.0,0.0,0.0,0.0,-0.009062993432522268
2025/01/25 09:10:25.751226458,0.19983575903512185,0.0,0.0,0.0,0.0,-0.009009344802670691
2025/01/25 09:10:25.851194431,0.19983575903512185,0.0,0.0,0.0,0.0,-0.008957865012511487
2025/01/25 09:10:25.951190783,0.19983575903512185,0.0,0.0,0.0,0.0,-0.008908572107279633
2025/01/25 09:10:26.51257314,0.19983575903512185,0.0,0.0,0.0,0.0,-0.00886143288739697
2025/01/25 09:10:26.151934364,0.19983575903512185,0.0,0.0,0.0,0.0,-0.00881650880718888
2025/01/25 09:10:26.251384411,0.19983575903512185,0.0,0.0,0.0,0.0,-0.008773821545176136
2025/01/25 09:10:26.351464834,0.19983575903512185,0.0,0.0,0.0,0.0,-0.008733397086238878
2025/01/25 09:10:26.451418650,0.19983575903512185,0.0,0.0,0.0,0.0,-0.008695272736836282
2025/01/25 09:10:26.551450916,0.19983575903512185,0.0,0.0,0.0,0.0,-0.008659507850530566
2025/01/25 09:10:26.651299861,0.19983575903512185,0.0,0.0,0.0,0.0,-0.008626109853763542
2025/01/25 09:10:26.751210580,0.19983575903512185,0.0,0.0,0.0,0.0,-0.00859515239019444
2025/01/25 09:10:26.851331057,0.19983575903512185,0.0,0.0,0.0,0.0,-0.008566651590845433
2025/01/25 09:10:26.951203198,0.19983575903512185,0.0,0.0,0.0,0.0,-0.008540710578278085
2025/01/25 09:10:27.51244290,0.19983575903512185,0.0,0.0,0.0,0.0,-0.008517355410022524
2025/01/25 09:10:27.151291994,0.19983575903512185,0.0,0.0,0.0,0.0,-0.008496663315833538
2025/01/25 09:10:27.251337525,0.19983575903512185,0.0,0.0,0.0,0.0,-0.008478702948891453
2025/01/25 09:10:27.351391685,0.19983575903512185,0.0,0.0,0.0,0.0,-0.008463569819138142
2025/01/25 09:10:27.451488965,0.19983575903512185,0.0,0.0,0.0,0.0,-0.008451328523116461
2025/01/25 09:10:27.551462538,0.19983575903512185,0.0,0.0,0.0,0.0,-0.00844209441426568
2025/01/25 09:10:27.651366594,0.19983575903512185,0.0,0.0,0.0,0.0,-0.008435958818248362
2025/01/25 09:10:27.751307805,0.19983575903512185,0.0,0.0,0.0,0.0,-0.008433039810207616
2025/01/25 09:10:27.851308492,0.19983575903512185,0.0,0.0,0.0,0.0,-0.009761198384318222
2025/01/25 09:10:27.951370695,0.19983575903512185,0.0,0.0,0.0,0.0,-0.009680687776704947
2025/01/25 09:10:28.51345650,0.19983575903512185,0.0,0.0,0.0,0.0,-0.009602196981706404
2025/01/25 09:10:28.151324683,0.19983575903512185,0.0,0.0,0.0,0.0,-0.009525716318676885
2025/01/25 09:10:28.251220758,0.19983575903512185,0.0,0.0,0.0,0.0,-0.009451261542456008
2025/01/25 09:10:28.351194667,0.19983575903512185,0.0,0.0,0.0,0.0,-0.00937880612311124
2025/01/25 09:10:28.451181717,0.19983575903512185,0.0,0.0,0.0,0.0,-0.009308401344570921
2025/01/25 09:10:28.551259748,0.19983575903512185,0.0,0.0,0.0,0.0,-0.009239972269409298
2025/01/25 09:10:28.651277492,0.19983575903512185,0.0,0.0,0.0,0.0,-0.009173595884601683
2025/01/25 09:10:28.751204707,0.19983575903512185,0.0,0.0,0.0,0.0,-0.009109207277144489
2025/01/25 09:10:28.851144529,0.19983575903512185,0.0,0.0,0.0,0.0,-0.009046876662232667
2025/01/25 09:10:28.951187240,0.19983575903512185,0.0,0.0,0.0,0.0,-0.008986552357306409
2025/01/25 09:10:29.51231940,0.19983575903512185,0.0,0.0,0.0,0.0,-0.008928260788699856
2025/01/25 09:10:29.151191100,0.19983575903512185,0.0,0.0,0.0,0.0,-0.008872025211757964
2025/01/25 09:10:29.251221917,0.19983575903512185,0.0,0.0,0.0,0.0,-0.00881781520265329
2025/01/25 09:10:29.351635648,0.19983575903512185,0.0,0.0,0.0,0.0,-0.008765709631483942
2025/01/25 09:10:29.451285455,0.19983575903512185,0.0,0.0,0.0,0.0,-0.00871569623901807
2025/01/25 09:10:29.551216147,0.19983575903512185,0.0,0.0,0.0,0.0,-0.008667768643745358
2025/01/25 09:10:29.651330268,0.19983575903512185,0.0,0.0,0.0,0.0,-0.008621992136096029
2025/01/25 09:10:29.751398546,0.19983575903512185,0.0,0.0,0.0,0.0,-0.008578339274193289
2025/01/25 09:10:29.851311339,0.19983575903512185,0.0,0.0,0.0,0.0,-0.008536882735888181
2025/01/25 09:10:29.951485943,0.19983575903512185,0.0,0.0,0.0,0.0,-0.008497620396260562
2025/01/25 09:10:30.51361999,0.19983575903512185,0.0,0.0,0.0,0.0,-0.008460590767442438
2025/01/25 09:10:30.151231702,0.19983575903512185,0.0,0.0,0.0,0.0,-0.008425860664931683
2025/01/25 09:10:30.251125288,0.19983575903512185,0.0,0.0,0.0,0.0,-0.00839343147208784
2025/01/25 09:10:30.351339299,0.19983575903512185,0.0,0.0,0.0,0.0,-0.008363375751278998
2025/01/25 09:10:30.451293550,0.19983575903512185,0.0,0.0,0.0,0.0,-0.008335739770836719
2025/01/25 09:10:30.551282969,0.19983575903512185,0.0,0.0,0.0,0.0,-0.008310572576722236
2025/01/25 09:10:30.651415305,0.19983575903512185,0.0,0.0,0.0,0.0,-0.008287922766701414
2025/01/25 09:10:30.751133614,0.19983575903512185,0.0,0.0,0.0,0.0,-0.008267871779351591
2025/01/25 09:10:30.851376365,0.19983575903512185,0.0,0.0,0.0,0.0,-0.008250485400423465
2025/01/25 09:10:30.951359159,0.19983575903512185,0.0,0.0,0.0,0.0,-0.008235839468393739
2025/01/25 09:10:31.51326406,0.19983575903512185,0.0,0.0,0.0,0.0,-0.008224025458557275
2025/01/25 09:10:31.151384867,0.19983575903512185,0.0,0.0,0.0,0.0,-0.00821512493912971
2025/01/25 09:10:31.251162599,0.19983575903512185,0.0,0.0,0.0,0.0,-0.008209248729420079
2025/01/25 09:10:31.351231523,0.19983575903512185,0.0,0.0,0.0,0.0,-0.008206509664677905
2025/01/25 09:10:31.451411695,0.19983575903512185,0.0,0.0,0.0,0.0,-0.011317726280938752
2025/01/25 09:10:31.551329324,0.19983575903512185,0.0,0.0,0.0,0.0,-0.011224982332944021
2025/01/25 09:10:31.651532598,0.19983575903512185,0.0,0.0,0.0,0.0,-0.01113463373238816
2025/01/25 09:10:31.751332450,0.19983575903512185,0.0,0.0,0.0,0.0,-0.011046623715695437
2025/01/25 09:10:31.851369835,0.19983575903512185,0.0,0.0,0.0,0.0,-0.010960996837431205
2025/01/25 09:10:31.951174578,0.19983575903512185,0.0,0.0,0.0,0.0,-0.010877671883747343
2025/01/25 09:10:32.51242191,0.19983575903512185,0.0,0.0,0.0,0.0,-0.010796688877573554
2025/01/25 09:10:32.151145806,0.19983575903512185,0.0,0.0,0.0,0.0,-0.010718097040377994
2025/01/25 09:10:32.251472285,0.19983575903512185,0.0,0.0,0.0,0.0,-0.010641835842757748
2025/01/25 09:10:32.351257709,0.19983575903512185,0.0,0.0,0.0,0.0,-0.010567969016455217
2025/01/25 09:10:32.451605227,0.19983575903512185,0.0,0.0,0.0,0.0,-0.01049643757230376
2025/01/25 09:10:32.551446443,0.19983575903512185,0.0,0.0,0.0,0.0,-0.010427258509583136
2025/01/25 09:10:32.651356751,0.19983575903512185,0.0,0.0,0.0,0.0,-0.0103604801113348
2025/01/25 09:10:32.751230461,0.19983575903512185,0.0,0.0,0.0,0.0,-0.010296066374145683
2025/01/25 09:10:32.851332305,0.19983575903512185,0.0,0.0,0.0,0.0,-0.010234070673221452
2025/01/25 09:10:32.951434001,0.19983575903512185,0.0,0.0,0.0,0.0,-0.010174490644433863
2025/01/25 09:10:33.51475774,0.19983575903512185,0.0,0.0,0.0,0.0,-0.010117321535968718
2025/01/25 09:10:33.151532792,0.19983575903512185,0.0,0.0,0.0,0.0,-0.010062676460938344
2025/01/25 09:10:33.251458985,0.19983575903512185,0.0,0.0,0.0,0.0,-0.010010485703133612
2025/01/25 09:10:33.351466239,0.19983575903512185,0.0,0.0,0.0,0.0,-0.00996081889796567
2025/01/25 09:10:33.451576490,0.19983575903512185,0.0,0.0,0.0,0.0,-0.009913704533351678
2025/01/25 09:10:33.551488363,0.19983575903512185,0.0,0.0,0.0,0.0,-0.009869167948875683
2025/01/25 09:10:33.651335697,0.19983575903512185,0.0,0.0,0.0,0.0,-0.009827286127499703
2025/01/25 09:10:33.751356411,0.19983575903512185,0.0,0.0,0.0,0.0,-0.009788070654002067
2025/01/25 09:10:33.851159594,0.19983575903512185,0.0,0.0,0.0,0.0,-0.009751569351262208
2025/01/25 09:10:33.951201192,0.19983575903512185,0.0,0.0,0.0,0.0,-0.00971785186941923
2025/01/25 09:10:34.51339365,0.19983575903512185,0.0,0.0,0.0,0.0,-0.00968697890930533
2025/01/25 09:10:34.151198120,0.19983575903512185,0.0,0.0,0.0,0.0,-0.009659011757170773
2025/01/25 09:10:34.251208953,0.19983575903512185,0.0,0.0,0.0,0.0,-0.009634031924024273
2025/01/25 09:10:34.351284802,0.19983575903512185,0.0,0.0,0.0,0.0,-0.009612093273992213
2025/01/25 09:10:34.451345253,0.19983575903512185,0.0,0.0,0.0,0.0,-0.00959330961638963
2025/01/25 09:10:34.551323714,0.19983575903512185,0.0,0.0,0.0,0.0,-0.009577756508113575
2025/01/25 09:10:34.651202912,0.19983575903512185,0.0,0.0,0.0,0.0,-0.009565550696058828
2025/01/25 09:10:34.751197311,0.19983575903512185,0.0,0.0,0.0,0.0,-0.009556798916585797
2025/01/25 09:10:34.851160300,0.19983575903512185,0.0,0.0,0.0,0.0,-0.00955162390380078
2025/01/25 09:10:34.951241434,0.19983575903512185,0.0,0.0,0.0,0.0,-0.00955016220309688
2025/01/25 09:10:35.51184980,0.19983575903512185,0.0,0.0,0.0,0.0,-0.008174356716113709
2025/01/25 09:10:35.151180455,0.19983575903512185,0.0,0.0,0.0,0.0,-0.008107591851032039
2025/01/25 09:10:35.251188389,0.19983575903512185,0.0,0.0,0.0,0.0,-0.008042521331145207
2025/01/25 09:10:35.351441996,0.19983575903512185,0.0,0.0,0.0,0.0,-0.007979157390787757
2025/01/25 09:10:35.451494584,0.19983575903512185,0.0,0.0,0.0,0.0,-0.007917503145824754
2025/01/25 09:10:35.551323449,0.19983575903512185,0.0,0.0,0.0,0.0,-0.007857508901811895
2025/01/25 09:10:35.651361099,0.19983575903512185,0.0,0.0,0.0,0.0,-0.007799229578231134
2025/01/25 09:10:35.751528979,0.19983575903512185,0.0,0.0,0.0,0.0,-0.007742639810308959
2025/01/25 09:10:35.851291930,0.19983575903512185,0.0,0.0,0.0,0.0,-0.007687746139476941
2025/01/25 09:10:35.951311605,0.19983575903512185,0.0,0.0,0.0,0.0,-0.007634542196506634
2025/01/25 09:10:36.51462097,0.19983575903512185,0.0,0.0,0.0,0.0,-0.00758304566874683
2025/01/25 09:10:36.151333185,0.19983575903512185,0.0,0.0,0.0,0.0,-0.007533242688943118
2025/01/25 09:10:36.251382975,0.19983575903512185,0.0,0.0,0.0,0.0,-0.007485179665974208
2025/01/25 09:10:36.351410975,0.19983575903512185,0.0,0.0,0.0,0.0,-0.007438822462236947
2025/01/25 09:10:36.451363805,0.19983575903512185,0.0,0.0,0.0,0.0,-0.0073942073993692415
2025/01/25 09:10:36.551390115,0.19983575903512185,0.0,0.0,0.0,0.0,-0.0073513285502500815
2025/01/25 09:10:36.651369785,0.19983575903512185,0.0,0.0,0.0,0.0,-0.007310216518591379
2025/01/25 09:10:36.751368936,0.19983575903512185,0.0,0.0,0.0,0.0,-0.0072708850123445095
2025/01/25 09:10:36.851568284,0.19983575903512185,0.0,0.0,0.0,0.0,-0.007233348233736433
2025/01/25 09:10:36.951215943,0.19983575903512185,0.0,0.0,0.0,0.0,-0.007197445260781464
2025/01/25 09:10:37.51229088,0.19983575903512185,0.0,0.0,0.0,0.0,-0.007163745444362128
2025/01/25 09:10:37.151897092,0.19983575903512185,0.0,0.0,0.0,0.0,-0.007131750733150771
2025/01/25 09:10:37.251366321,0.19983575903512185,0.0,0.0,0.0,0.0,-0.0071016445134790196
2025/01/25 09:10:37.351274135,0.19983575903512185,0.0,0.0,0.0,0.0,-0.007073484474888795
2025/01/25 09:10:37.451277180,0.19983575903512185,0.0,0.0,0.0,0.0,-0.007047280487103847
2025/01/25 09:10:37.551376117,0.19983575903512185,0.0,0.0,0.0,0.0,-0.007023094861157094
2025/01/25 09:10:37.651681725,0.19983575903512185,0.0,0.0,0.0,0.0,-0.0070010147096918095
2025/01/25 09:10:37.751008734,0.19983575903512185,0.0,0.0,0.0,0.0,-0.006980974546307048
2025/01/25 09:10:37.851013397,0.19983575903512185,0.0,0.0,0.0,0.0,-0.006963091326537212
2025/01/25 09:10:37.951070178,0.19983575903512185,0.0,0.0,0.0,0.0,-0.0069474306271127394
2025/01/25 09:10:38.51220516,0.19983575903512185,0.0,0.0,0.0,0.0,-0.0069340340319901245
2025/01/25 09:10:38.151145200,0.19983575903512185,0.0,0.0,0.0,0.0,-0.006922980662473985
2025/01/25 09:10:38.251188689,0.19983575903512185,0.0,0.0,0.0,0.0,-0.006914350315952373
2025/01/25 09:10:38.350967480,0.19983575903512185,0.0,0.0,0.0,0.0,-0.006908214156252289
2025/01/25 09:10:38.451062931,0.19983575903512185,0.0,0.0,0.0,0.0,-0.006904673452427911
2025/01/25 09:10:38.551147323,0.19983575903512185,0.0,0.0,0.0,0.0,-0.006903824263122207
2025/01/25 09:10:38.651073680,0.19983575903512185,0.0,0.0,0.0,0.0,-0.011108876603842967
2025/01/25 09:10:38.751043750,0.19983575903512185,0.0,0.0,0.0,0.0,-0.011019589898978296
2025/01/25 09:10:38.851059056,0.19983575903512185,0.0,0.0,0.0,0.0,-0.010932665541899375
2025/01/25 09:10:38.951248513,0.19983575903512185,0.0,0.0,0.0,0.0,-0.010848073423353246
2025/01/25 09:10:39.51112075,0.19983575903512185,0.0,0.0,0.0,0.0,-0.01076576273431915
2025/01/25 09:10:39.150959156,0.19983575903512185,0.0,0.0,0.0,0.0,-0.010685829465579118
2025/01/25 09:10:39.251057239,0.19983575903512185,0.0,0.0,0.0,0.0,-0.010608179731827518
2025/01/25 09:10:39.350981452,0.19983575903512185,0.0,0.0,0.0,0.0,-0.010532829708059778
2025/01/25 09:10:39.451244348,0.19983575903512185,0.0,0.0,0.0,0.0,-0.010459857673992682
2025/01/25 09:10:39.551222589,0.19983575903512185,0.0,0.0,0.0,0.0,-0.0103892229417237
2025/01/25 09:10:39.651113138,0.19983575903512185,0.0,0.0,0.0,0.0,-0.010320942705232577
2025/01/25 09:10:39.750896052,0.19983575903512185,0.0,0.0,0.0,0.0,-0.01025498762829674
2025/01/25 09:10:39.850988665,0.19983575903512185,0.0,0.0,0.0,0.0,-0.01019143578964742
2025/01/25 09:10:39.951301767,0.19983575903512185,0.0,0.0,0.0,0.0,-0.010130227193575526
2025/01/25 09:10:40.51146949,0.19983575903512185,0.0,0.0,0.0,0.0,-0.010071425949227036
2025/01/25 09:10:40.151183143,0.19983575903512185,0.0,0.0,0.0,0.0,-0.010015071341055714
2025/01/25 09:10:40.251090192,0.19983575903512185,0.0,0.0,0.0,0.0,-0.009961140454674182
2025/01/25 09:10:40.351067290,0.19983575903512185,0.0,0.0,0.0,0.0,-0.009909667359429034
2025/01/25 09:10:40.451181228,0.19983575903512185,0.0,0.0,0.0,0.0,-0.009860702807566442
2025/01/25 09:10:40.551266838,0.19983575903512185,0.0,0.0,0.0,0.0,-0.009814270956748918
2025/01/25 09:10:40.651111148,0.19983575903512185,0.0,0.0,0.0,0.0,-0.009770401091763728
2025/01/25 09:10:40.751001361,0.19983575903512185,0.0,0.0,0.0,0.0,-0.009729138262441034
2025/01/25 09:10:40.851065416,0.19983575903512185,0.0,0.0,0.0,0.0,-0.009690536567497056
2025/01/25 09:10:40.951071124,0.19983575903512185,0.0,0.0,0.0,0.0,-0.00965462414538334
2025/01/25 09:10:41.51092941,0.19983575903512185,0.0,0.0,0.0,0.0,-0.009621476924546329
2025/01/25 09:10:41.151137342,0.19983575903512185,0.0,0.0,0.0,0.0,-0.009591161338296563
2025/01/25 09:10:41.251121659,0.19983575903512185,0.0,0.0,0.0,0.0,-0.009563718971110233
2025/01/25 09:10:41.351039445,0.19983575903512185,0.0,0.0,0.0,0.0,-0.00953923288092255
2025/01/25 09:10:41.451054826,0.19983575903512185,0.0,0.0,0.0,0.0,-0.009517778004092857
2025/01/25 09:10:41.550948666,0.19983575903512185,0.0,0.0,0.0,0.0,-0.00949944288011247
2025/01/25 09:10:41.651116632,0.19983575903512185,0.0,0.0,0.0,0.0,-0.009484332931837362
2025/01/25 09:10:41.751084774,0.19983575903512185,0.0,0.0,0.0,0.0,-0.009472534063005083
2025/01/25 09:10:41.851153864,0.19983575903512185,0.0,0.0,0.0,0.0,-0.009464170938326742
2025/01/25 09:10:41.951050019,0.19983575903512185,0.0,0.0,0.0,0.0,-0.009459358763749846
2025/01/25 09:10:42.51433068,0.19983575903512185,0.0,0.0,0.0,0.0,0.006977247546427528
2025/01/25 09:10:42.151074157,0.19983575903512185,0.0,0.0,0.0,0.0,0.006921081231645561
2025/01/25 09:10:42.251522076,0.19983575903512185,0.0,0.0,0.0,0.0,0.006866386758852443
2025/01/25 09:10:42.350962578,0.19983575903512185,0.0,0.0,0.0,0.0,0.00681315644358999
2025/01/25 09:10:42.451160867,0.19983575903512185,0.0,0.0,0.0,0.0,0.006761362217054895
2025/01/25 09:10:42.551165618,0.19983575903512185,0.0,0.0,0.0,0.0,0.006711042125150655
2025/01/25 09:10:42.651125228,0.19983575903512185,0.0,0.0,0.0,0.0,0.00666216341039825
2025/01/25 09:10:42.751120926,0.19983575903512185,0.0,0.0,0.0,0.0,0.006614741193679585
2025/01/25 09:10:42.850991268,0.19983575903512185,0.0,0.0,0.0,0.0,0.00656876316755505
2025/01/25 09:10:42.951259604,0.19983575903512185,0.0,0.0,0.0,0.0,0.006524263898858804
2025/01/25 09:10:43.51084062,0.19983575903512185,0.0,0.0,0.0,0.0,0.006481221249017801
2025/01/25 09:10:43.151015012,0.19983575903512185,0.0,0.0,0.0,0.0,0.006439650670143499
2025/01/25 09:10:43.250944626,0.19983575903512185,0.0,0.0,0.0,0.0,0.006399519187241378
2025/01/25 09:10:43.351018197,0.19983575903512185,0.0,0.0,0.0,0.0,0.006360919780449387
2025/01/25 09:10:43.451213394,0.19983575903512185,0.0,0.0,0.0,0.0,0.00632384030670587
2025/01/25 09:10:43.551350624,0.19983575903512185,0.0,0.0,0.0,0.0,0.006288211564419141
2025/01/25 09:10:43.650960094,0.19983575903512185,0.0,0.0,0.0,0.0,0.006254166098952063
2025/01/25 09:10:43.751031166,0.19983575903512185,0.0,0.0,0.0,0.0,0.0062216260510498615
2025/01/25 09:10:43.851212804,0.19983575903512185,0.0,0.0,0.0,0.0,0.006190658333685592
2025/01/25 09:10:43.951021902,0.19983575903512185,0.0,0.0,0.0,0.0,0.006161250184076526
2025/01/25 09:10:44.51235866,0.19983575903512185,0.0,0.0,0.0,0.0,0.006133459184538681
2025/01/25 09:10:44.151191308,0.19983575903512185,0.0,0.0,0.0,0.0,0.006107306928633504
2025/01/25 09:10:44.251108386,0.19983575903512185,0.0,0.0,0.0,0.0,0.006082798831461209
2025/01/25 09:10:44.351137284,0.19983575903512185,0.0,0.0,0.0,0.0,0.006059974123023636
2025/01/25 09:10:44.451255820,0.19983575903512185,0.0,0.0,0.0,0.0,0.0060388739626743996
2025/01/25 09:10:44.551100066,0.19983575903512185,0.0,0.0,0.0,0.0,0.006019510451618153
2025/01/25 09:10:44.651020376,0.19983575903512185,0.0,0.0,0.0,0.0,0.0060019634231079965
2025/01/25 09:10:44.751273854,0.19983575903512185,0.0,0.0,0.0,0.0,0.005986267604040579
2025/01/25 09:10:44.851017765,0.19983575903512185,0.0,0.0,0.0,0.0,0.005972430574704596
2025/01/25 09:10:44.951343030,0.19983575903512185,0.0,0.0,0.0,0.0,0.0059605749105189326
2025/01/25 09:10:45.51028784,0.19983575903512185,0.0,0.0,0.0,0.0,0.005950699880966454
2025/01/25 09:10:45.151177003,0.19983575903512185,0.0,0.0,0.0,0.0,0.005942893185070339
2025/01/25 09:10:45.251170189,0.19983575903512185,0.0,0.0,0.0,0.0,0.005937219395499309
2025/01/25 09:10:45.351310021,0.19983575903512185,0.0,0.0,0.0,0.0,0.005933756739588247
2025/01/25 09:10:45.451297320,0.19983575903512185,0.0,0.0,0.0,0.0,0.005932588737033557
2025/01/25 09:10:45.551212095,0.19983575903512185,0.0,0.0,0.0,0.0,0.00976730394018083
2025/01/25 09:10:45.651169605,0.19983575903512185,0.0,0.0,0.0,0.0,0.009687843728541114
2025/01/25 09:10:45.751032511,0.19983575903512185,0.0,0.0,0.0,0.0,0.009610514274811681
2025/01/25 09:10:45.850961342,0.19983575903512185,0.0,0.0,0.0,0.0,0.00953519989459287
2025/01/25 09:10:45.950962837,0.19983575903512185,0.0,0.0,0.0,0.0,0.00946190204731493
2025/01/25 09:10:46.50977687,0.19983575903512185,0.0,0.0,0.0,0.0,0.00939065977644721
2025/01/25 09:10:46.150962018,0.19983575903512185,0.0,0.0,0.0,0.0,0.009321408043259599
2025/01/25 09:10:46.251245093,0.19983575903512185,0.0,0.0,0.0,0.0,0.009254231660929582
2025/01/25 09:10:46.351155103,0.19983575903512185,0.0,0.0,0.0,0.0,0.009189029126707866
2025/01/25 09:10:46.451201525,0.19983575903512185,0.0,0.0,0.0,0.0,0.009125917917714232
2025/01/25 09:10:46.551114127,0.19983575903512185,0.0,0.0,0.0,0.0,0.009064820970719058
2025/01/25 09:10:46.651113558,0.19983575903512185,0.0,0.0,0.0,0.0,0.009005797763161193
2025/01/25 09:10:46.751266919,0.19983575903512185,0.0,0.0,0.0,0.0,0.008948820671878268
2025/01/25 09:10:46.851133638,0.19983575903512185,0.0,0.0,0.0,0.0,0.00889382765341367
2025/01/25 09:10:46.951012364,0.19983575903512185,0.0,0.0,0.0,0.0,0.008841072345464085
2025/01/25 09:10:47.50973075,0.19983575903512185,0.0,0.0,0.0,0.0,0.008790361833317632
2025/01/25 09:10:47.151008883,0.19983575903512185,0.0,0.0,0.0,0.0,0.00874175877222192
2025/01/25 09:10:47.251128892,0.19983575903512185,0.0,0.0,0.0,0.0,0.00869528970974136
2025/01/25 09:10:47.351136339,0.19983575903512185,0.0,0.0,0.0,0.0,0.008650982468307504
2025/01/25 09:10:47.451216503,0.19983575903512185,0.0,0.0,0.0,0.0,0.008608883243599551
2025/01/25 09:10:47.551166904,0.19983575903512185,0.0,0.0,0.0,0.0,0.008568998686851915
2025/01/25 09:10:47.651304923,0.19983575903512185,0.0,0.0,0.0,0.0,0.008531369176326773
2025/01/25 09:10:47.751152404,0.19983575903512185,0.0,0.0,0.0,0.0,0.008496027369313229
2025/01/25 09:10:47.851271675,0.19983575903512185,0.0,0.0,0.0,0.0,0.008463003172125883
2025/01/25 09:10:47.950999774,0.19983575903512185,0.0,0.0,0.0,0.0,0.00843235196987299
2025/01/25 09:10:48.51041190,0.19983575903512185,0.0,0.0,0.0,0.0,0.008404160516607067
2025/01/25 09:10:48.151018229,0.19983575903512185,0.0,0.0,0.0,0.0,0.008378434122913536
2025/01/25 09:10:48.251037750,0.19983575903512185,0.0,0.0,0.0,0.0,0.008355239855166952
2025/01/25 09:10:48.351180968,0.19983575903512185,0.0,0.0,0.0,0.0,0.008334653503877113
2025/01/25 09:10:48.451119952,0.19983575903512185,0.0,0.0,0.0,0.0,0.008316737471076845
2025/01/25 09:10:48.551294237,0.19983575903512185,0.0,0.0,0.0,0.0,0.008301580366095431
2025/01/25 09:10:48.651226875,0.19983575903512185,0.0,0.0,0.0,0.0,0.008289257480845271
2025/01/25 09:10:48.751331210,0.19983575903512185,0.0,0.0,0.0,0.0,0.008279862728757787
2025/01/25 09:10:48.851220486,0.19983575903512185,0.0,0.0,0.0,0.0,0.008273501984184141
2025/01/25 09:10:48.951182953,0.19983575903512185,0.0,0.0,0.0,0.0,0.008270280542901118
2025/01/25 09:10:49.51172283,0.19983575903512185,0.0,0.0,0.0,0.0,-0.0014860854639342838
2025/01/25 09:10:49.151066406,0.19983575903512185,0.0,0.0,0.0,0.0,-0.0014739053551118785
2025/01/25 09:10:49.251059975,0.19983575903512185,0.0,0.0,0.0,0.0,-0.0014620257523320454
2025/01/25 09:10:49.351100868,0.19983575903512185,0.0,0.0,0.0,0.0,-0.0014504575345645548
2025/01/25 09:10:49.451219429,0.19983575903512185,0.0,0.0,0.0,0.0,-0.0014391910734312889
2025/01/25 09:10:49.551267734,0.19983575903512185,0.0,0.0,0.0,0.0,-0.0014282384542310517
2025/01/25 09:10:49.651154527,0.19983575903512185,0.0,0.0,0.0,0.0,-0.0014175874760372724
2025/01/25 09:10:49.751235838,0.19983575903512185,0.0,0.0,0.0,0.0,-0.001407245970909673
2025/01/25 09:10:49.851265252,0.19983575903512185,0.0,0.0,0.0,0.0,-0.0013972001714483966
2025/01/25 09:10:49.951108587,0.19983575903512185,0.0,0.0,0.0,0.0,-0.0013874714090515348
2025/01/25 09:10:50.51088913,0.19983575903512185,0.0,0.0,0.0,0.0,-0.0013780449588616812
2025/01/25 09:10:50.151269244,0.19983575903512185,0.0,0.0,0.0,0.0,-0.001368933212387959
2025/01/25 09:10:50.251071860,0.19983575903512185,0.0,0.0,0.0,0.0,-0.0013601243970391833
2025/01/25 09:10:50.351101649,0.19983575903512185,0.0,0.0,0.0,0.0,-0.0013516275624936612
2025/01/25 09:10:50.451256125,0.19983575903512185,0.0,0.0,0.0,0.0,-0.0013434470006644566
